TotalTime,FundingSourceName,Program Name,Study Status
123.35,WSIB,INDIVIDUAL CERTIFICATE,Active/Graduated
147.5,OSAP,Web Designer (2015)-ON,Active/Graduated
45.35,OSAP,Conference and Event Planner (2014)-ON,Active/Graduated
125.43333333333334,OSAP,Logistics and Supply Chain Operations (2016) - ON ,Active/Graduated
21.55,OSAP,Conference and Event Planner (2014)-ON,Active/Graduated
89.73333333333333,OSAP,Logistics and Supply Chain Operations (2016) - ON ,Active/Graduated
269.9,OSAP,Logistics and Supply Chain Operations (2016) - ON ,Active/Graduated
127.73333333333333,OSAP,Business Administration (2013)-ON,Active/Graduated
261.6166666666667,OSAP,Logistics and Supply Chain Operations (2016) - ON ,Active/Graduated
288.75,Self Paid/Private,Immigration Consultant (2016) - ON,Active/Graduated
42.46666666666667,OSAP,Immigration Consultant (2016) - ON,Active/Graduated
191.83333333333334,OSAP,Personal Support Worker (2016) - AOL,Active/Graduated
373.9,OSAP,Web Designer (2015)-ON,Active/Graduated
157.76666666666668,Self Paid/Private,Business Administration (2013)-ON,Active/Graduated
487.68333333333334,OSAP,Medical Office Assistant with HUC Specialty (Instr)-ON,Active/Graduated
5.0,OSAP,Immigration Consultant (2016) - ON,Active/Graduated
343.0,OSAP,Medical Office Assistant with HUC Specialty (Instr)-ON,Dropout
321.26666666666665,OSAP,Immigration Consultant (2016) - ON,Active/Graduated
202.6,OSAP,Immigration Consultant (2016) - ON,Active/Graduated
344.1333333333333,Self Paid/Private,Business Administration (2013)-ON,Dropout
689.8166666666667,OSAP,Paralegal (2014)-ON,Active/Graduated
154.98333333333332,Self Paid/Private,Immigration Consultant (2016) - ON,Active/Graduated
14.533333333333333,OSAP,Immigration Consultant (2016) - ON,Active/Graduated
196.15,OSAP,Immigration Consultant (2016) - ON,Active/Graduated
390.23333333333335,Sponsored/Gov't,Accounting and Payroll Administrator (2013)-ON,Active/Graduated
582.3,OSAP,Home Inspection (2009)-ON,Active/Graduated
333.6333333333333,OSAP,Immigration Consultant (2016) - ON,Active/Graduated
343.3,Self Paid/Private,Business Administration (2013)-ON,Dropout
14.0,Self Paid/Private,Business Administration (2013)-ON,Dropout
126.68333333333334,OSAP,Immigration Consultant (2016) - ON,Active/Graduated
432.98333333333335,OSAP,Accounting and Payroll Administrator (2013)-ON,Active/Graduated
307.5,OSAP,Logistics and Supply Chain Operations (2016) - ON ,Active/Graduated
750.4,OSAP,Paralegal (2014)-ON,Active/Graduated
834.4666666666667,OSAP,Paralegal (2014)-ON,Active/Graduated
23.416666666666668,OSAP,Immigration Consultant (2016) - ON,Active/Graduated
654.6666666666666,OSAP,Medical Office Assistant with HUC Specialty (Instr)-ON,Active/Graduated
311.3,OSAP,Accounting and Payroll Administrator (2013)-ON,Active/Graduated
279.78333333333336,Self Paid/Private,Immigration Consultant (2016) - ON,Active/Graduated
670.5,OSAP,Medical Office Assistant with HUC Specialty (Instr)-ON,Active/Graduated
661.4666666666667,OSAP,Medical Office Assistant with HUC Specialty (Instr)-ON,Active/Graduated
681.1,OSAP,Medical Office Assistant with HUC Specialty (Instr)-ON,Active/Graduated
148.21666666666667,OSAP,Immigration Consultant (2016) - ON,Active/Graduated
184.1,OSAP,Personal Support Worker (2016) - AOL,Active/Graduated
183.86666666666667,OSAP,Immigration Consultant (2016) - ON,Active/Graduated
562.0666666666667,OSAP,Logistics and Supply Chain Operations (2016) - ON ,Active/Graduated
578.6,OSAP,Business Administration (2013)-ON,Active/Graduated
118.75,OSAP,Immigration Consultant (2016) - ON,Active/Graduated
160.9,OSAP,Immigration Consultant (2016) - ON,Active/Graduated
207.05,OSAP,Immigration Consultant (2016) - ON,Active/Graduated
157.88333333333333,OSAP,Personal Support Worker (2016) - AOL,Active/Graduated
330.0,OSAP,Immigration Consultant (2016) - ON,Dropout
267.1333333333333,OSAP,Immigration Consultant (2016) - ON,Active/Graduated
462.93333333333334,OSAP,Accounting and Payroll Administrator (2013)-ON,Active/Graduated
536.3166666666667,OSAP,Business Administration (2013)-ON,Active/Graduated
158.36666666666667,OSAP,Immigration Consultant (2016) - ON,Active/Graduated
91.86666666666666,Self Paid/Private,Business Administration (2013)-ON,Dropout
510.95,OSAP,Accounting and Payroll Administrator (2013)-ON,Active/Graduated
170.26666666666668,OSAP,Personal Support Worker (2016) - AOL,Dropout
907.8833333333333,OSAP,Medical Office Assistant with HUC Specialty (Instr)-ON,Active/Graduated
504.6333333333333,Self Paid/Private,Web Designer (2015)-ON,Dropout
499.76666666666665,OSAP,Conference and Event Planner (2014)-ON,Active/Graduated
474.4166666666667,OSAP,Business Administration (2013)-ON,Active/Graduated
590.3333333333334,OSAP,Accounting and Payroll Administrator (2013)-ON,Dropout
499.03333333333336,OSAP,Paralegal (2014)-ON,Active/Graduated
126.78333333333333,OSAP,Immigration Consultant (2016) - ON,Active/Graduated
758.95,OSAP,Law Clerk (2013)-ON,Active/Graduated
263.55,OSAP,Immigration Consultant (2016) - ON,Active/Graduated
269.46666666666664,OSAP,Immigration Consultant (2016) - ON,Active/Graduated
512.2833333333333,OSAP,Logistics and Supply Chain Operations (2016) - ON ,Active/Graduated
152.05,OSAP,Immigration Consultant (2016) - ON,Active/Graduated
175.45,OSAP,Immigration Consultant (2016) - ON,Active/Graduated
571.0833333333334,OSAP,Conference and Event Planner (2014)-ON,Active/Graduated
535.15,OSAP,Logistics and Supply Chain Operations (2016) - ON ,Active/Graduated
388.93333333333334,Sponsored/Gov't,Accounting and Payroll Administrator (2013)-ON,Active/Graduated
154.38333333333333,OSAP,Immigration Consultant (2016) - ON,Active/Graduated
128.15,OSAP,Personal Support Worker (2016) - AOL,Dropout
27.766666666666666,Self Paid/Private,Project Administration (2013)-ON,Dropout
128.83333333333334,Self Paid/Private,Conference and Event Planner (2014)-ON,Dropout
255.71666666666667,OSAP,Immigration Consultant (2016) - ON,Active/Graduated
1038.1166666666666,OSAP,Medical Office Assistant with HUC Specialty (Instr)-ON,Active/Graduated
477.1,OSAP,Logistics and Supply Chain Operations (2016) - ON ,Active/Graduated
456.3,OSAP,Paralegal (2014)-ON,Dropout
983.95,OSAP,Medical Office Assistant with HUC Specialty (Instr)-ON,Active/Graduated
263.15,OSAP,Immigration Consultant (2016) - ON,Active/Graduated
152.98333333333332,OSAP,Immigration Consultant (2016) - ON,Active/Graduated
237.5,OSAP,Immigration Consultant (2016) - ON,Active/Graduated
312.0833333333333,OSAP,Business Administration (2013)-ON,Active/Graduated
249.76666666666668,OSAP,Administrative Assistant (2013)-ON,Active/Graduated
561.05,OSAP,Logistics and Supply Chain Operations (2016) - ON ,Active/Graduated
659.4,Self Paid/Private,Network Administrator (2013)-ON,Active/Graduated
267.45,OSAP,Personal Support Worker (2016) - AOL,Dropout
335.26666666666665,OSAP,Project Administration (2013)-ON,Dropout
288.8833333333333,OSAP,Personal Support Worker (2016) - AOL,Active/Graduated
578.7333333333333,Self Paid/Private,Home Inspection Cert-ON,Dropout
593.5,OSAP,Logistics and Supply Chain Operations (2016) - ON ,Dropout
123.36666666666666,OSAP,Immigration Consultant (2016) - ON,Active/Graduated
697.8666666666667,OSAP,Home Inspection (2009)-ON,Active/Graduated
663.5666666666667,Self Paid/Private,Computer Service Technician (2016) - ON,Active/Graduated
327.3333333333333,Self Paid/Private,Business Administration (2013)-ON,Dropout
238.88333333333333,OSAP,Immigration Consultant (2016) - ON,Active/Graduated
7.466666666666667,Self Paid/Private,Business Administration (2013)-ON,Dropout
488.55,OSAP,Logistics and Supply Chain Operations (2016) - ON ,Active/Graduated
302.96666666666664,OSAP,Immigration Consultant (2016) - ON,Active/Graduated
771.8,Self Paid/Private,Business Administration (2013)-ON,Active/Graduated
173.36666666666667,Self Paid/Private,Business Administration (2013)-ON,Dropout
280.1166666666667,OSAP,Personal Support Worker (2016) - AOL,Active/Graduated
227.3,OSAP,Logistics and Supply Chain Operations (2016) - ON ,Dropout
954.4,OSAP,Medical Office Assistant with HUC Specialty (Instr)-ON,Active/Graduated
238.83333333333334,OSAP,Paralegal (2014)-ON,Dropout
580.6,OSAP,Accounting and Payroll Administrator (2013)-ON,Dropout
295.96666666666664,Self Paid/Private,Web Designer (2012)-ON,Dropout
332.03333333333336,Self Paid/Private,Conference and Event Planner (2014)-ON,Dropout
175.83333333333334,Self Paid/Private,Project Administration (2013)-ON,Dropout
58.63333333333333,OSAP,Logistics and Supply Chain Operations (2016) - ON ,Dropout
368.53333333333336,OSAP,Accounting and Payroll Administrator (2013)-ON,Active/Graduated
271.65,OSAP,Administrative Assistant (2013)-ON,Active/Graduated
597.2,Self Paid/Private,Business Administration (2013)-ON,Dropout
147.25,Self Paid/Private,Computer Service Technician (2016) - ON,Dropout
782.45,OSAP,Paralegal (2014)-ON,Active/Graduated
510.98333333333335,OSAP,Business Administration (2013)-ON,Active/Graduated
328.9,OSAP,Immigration Consultant (2016) - ON,Active/Graduated
764.5166666666667,Self Paid/Private,Business Administration (2013)-ON,Active/Graduated
671.6833333333333,Self Paid/Private,Medical Office Assistant (Instr)-ON,Active/Graduated
572.15,OSAP,Business Administration (2013)-ON,Active/Graduated
587.9666666666667,OSAP,Business Administration (2013)-ON,Active/Graduated
6.266666666666667,Self Paid/Private,Business Administration (2013)-ON,Dropout
13.233333333333333,Self Paid/Private,Business Administration (2013)-ON,Dropout
623.9666666666667,Self Paid/Private,Business Administration (2013)-ON,Dropout
564.5666666666667,OSAP,Business Administration (2013)-ON,Active/Graduated
277.9,OSAP,Business Office Skills (2013)-ON,Dropout
445.3333333333333,OSAP,Accounting and Payroll Administrator (2013)-ON,Active/Graduated
376.3333333333333,OSAP,Personal Support Worker (2016) - AOL,Dropout
317.2,Self Paid/Private,Business Administration (2013)-ON,Dropout
10.9,Self Paid/Private,Conference and Event Planner (2014)-ON,Dropout
594.7166666666667,OSAP,Business Administration (2013)-ON,Active/Graduated
467.81666666666666,Self Paid/Private,Medical Office Assistant with HUC Specialty (Instr)-ON,Dropout
16.533333333333335,Self Paid/Private,Conference and Event Planner (2014)-ON,Dropout
227.58333333333334,OSAP,Immigration Consultant (2016) - ON,Active/Graduated
1043.2,OSAP,Medical Office Assistant with HUC Specialty (Instr)-ON,Active/Graduated
554.75,OSAP,Medical Office Assistant with HUC Specialty (Instr)-ON,Active/Graduated
403.3833333333333,OSAP,Personal Support Worker (2016) - AOL,Active/Graduated
148.95,OSAP,Immigration Consultant (2016) - ON,Active/Graduated
612.5333333333333,Self Paid/Private,Business Administration (2013)-ON,Dropout
1063.6666666666667,OSAP,Business Administration (2013)-ON,Active/Graduated
265.1333333333333,OSAP,Accounting and Payroll Administrator (2013)-ON,Dropout
744.8666666666667,OSAP,Personal Support Worker (2016) - AOL,Dropout
1236.0333333333333,Self Paid  Sponsored,Accounting and Payroll Administrator (2013)-ON,Active/Graduated
261.01666666666665,OSAP,Immigration Consultant (2016) - ON,Active/Graduated
906.4333333333333,OSAP,Paralegal (2014)-ON,Active/Graduated
287.6333333333333,OSAP,Immigration Consultant (2016) - ON,Active/Graduated
262.0833333333333,OSAP,Immigration Consultant (2016) - ON,Active/Graduated
287.95,OSAP,Immigration Consultant (2016) - ON,Active/Graduated
843.6333333333333,Self Paid  Sponsored,Home Inspection (2009)-ON,Active/Graduated
1137.2333333333333,OSAP,Business Administration (2013)-ON,Active/Graduated
6.433333333333334,Self Paid/Private,Web Designer (2015)-ON,Dropout
728.9666666666667,OSAP,Project Administration (2013)-ON,Active/Graduated
296.01666666666665,OSAP,Immigration Consultant (2016) - ON,Active/Graduated
640.4333333333333,OSAP,Logistics and Supply Chain Operations (2016) - ON ,Active/Graduated
322.03333333333336,OSAP,Immigration Consultant (2016) - ON,Active/Graduated
597.5166666666667,OSAP,Business Administration (2013)-ON,Active/Graduated
912.2166666666667,OSAP,Paralegal (2014)-ON,Active/Graduated
77.26666666666667,Self Paid/Private,Paralegal (2014)-ON,Dropout
529.8166666666667,OSAP,Paralegal (2014)-ON,Active/Graduated
274.35,OSAP,Immigration Consultant (2016) - ON,Active/Graduated
996.15,OSAP,Medical Office Assistant with HUC Specialty (Instr)-ON,Dropout
461.43333333333334,OSAP,Personal Support Worker (2016) - AOL,Dropout
481.1,OSAP,Immigration Consultant (2016) - ON,Active/Graduated
434.78333333333336,OSAP,Immigration Consultant (2016) - ON,Active/Graduated
684.9,OSAP,Paralegal (2014)-ON,Dropout
321.8666666666667,OSAP,Immigration Consultant (2016) - ON,Active/Graduated
50.3,OSAP,Business Administration (2013)-ON,Dropout
669.7,OSAP,Business Administration (2013)-ON,Active/Graduated
747.1333333333333,Self Paid/Private,Medical Office Assistant (Instr)-ON,Dropout
623.45,OSAP,Paralegal (2014)-ON,Active/Graduated
743.9,OSAP,Accounting and Payroll Administrator (2013)-ON,Active/Graduated
1147.4666666666667,Self Paid/Private,Medical Office Assistant with HUC Specialty (Instr)-ON,Dropout
0.5,Self Paid/Private,Personal Support Worker (2016) - AOL,Dropout
851.8,OSAP,Paralegal (2014)-ON,Active/Graduated
690.0333333333333,OSAP,Business Administration (2013)-ON,Active/Graduated
571.4333333333333,OSAP,Immigration Consultant (2016) - ON,Dropout
378.45,OSAP,Immigration Consultant (2016) - ON,Active/Graduated
453.3333333333333,OSAP,Personal Support Worker (2016) - AOL,Dropout
313.2,OSAP,Personal Support Worker (2016) - AOL,Active/Graduated
417.1166666666667,OSAP,Personal Support Worker (2016) - AOL,Active/Graduated
743.45,Self Paid/Private,Accounting and Payroll Administrator (2013)-ON,Active/Graduated
152.01666666666668,Self Paid/Private,Immigration Consultant (2016) - ON,Active/Graduated
457.76666666666665,OSAP,Immigration Consultant (2016) - ON,Active/Graduated
414.98333333333335,OSAP,Immigration Consultant (2016) - ON,Active/Graduated
822.75,OSAP,Project Administration (2013)-ON,Active/Graduated
535.6,OSAP,Immigration Consultant (2016) - ON,Active/Graduated
146.1,Self Paid/Private,Immigration Consultant (2016) - ON,Active/Graduated
46.1,Self Paid/Private,Business Administration (2013)-ON,Dropout
877.8833333333333,OSAP,Project Administration (2013)-ON,Active/Graduated
504.1666666666667,OSAP,Immigration Consultant (2016) - ON,Active/Graduated
1229.5333333333333,OSAP,Medical Office Assistant with HUC Specialty (Instr)-ON,Active/Graduated
38.43333333333333,Self Paid/Private,Network Administrator (2013)-ON,Dropout
485.93333333333334,Self Paid/Private,Medical Office Assistant with HUC Specialty (Instr)-ON,Dropout
478.2,OSAP,Immigration Consultant (2016) - ON,Active/Graduated
247.43333333333334,OSAP,Immigration Consultant (2016) - ON,Active/Graduated
485.4,OSAP,Immigration Consultant (2016) - ON,Active/Graduated
747.2333333333333,OSAP,Logistics and Supply Chain Operations (2016) - ON ,Active/Graduated
621.0666666666667,Self Paid/Private,Web Designer (2015)-ON,Dropout
623.8666666666667,Self Paid/Private,Network Administrator (2013)-ON,Dropout
379.0833333333333,OSAP,Personal Support Worker (2016) - AOL,Dropout
1204.7666666666667,Self Paid/Private,Web Designer (2015)-ON,Dropout
7.933333333333334,OSAP,Business Administration (2013)-ON,Dropout
738.1833333333333,OSAP,Business Administration (2013)-ON,Active/Graduated
419.48333333333335,OSAP,Immigration Consultant (2016) - ON,Active/Graduated
752.2,OSAP,Personal Support Worker (2016) - AOL,Dropout
473.3,OSAP,Immigration Consultant (2016) - ON,Active/Graduated
498.26666666666665,OSAP,Personal Support Worker (2016) - AOL,Dropout
414.45,OSAP,Immigration Consultant (2016) - ON,Active/Graduated
601.3666666666667,OSAP,Business Administration (2013)-ON,Active/Graduated
63.0,OSAP,Immigration Consultant (2016) - ON,Dropout
885.4833333333333,OSAP,Project Administration (2013)-ON,Active/Graduated
420.81666666666666,OSAP,Immigration Consultant (2016) - ON,Active/Graduated
504.96666666666664,OSAP,Immigration Consultant (2016) - ON,Active/Graduated
457.1666666666667,OSAP,Project Administration (2013)-ON,Active/Graduated
25.966666666666665,Self Paid/Private,Business Administration (2013)-ON,Dropout
722.2666666666667,Self Paid/Private,Web Designer (2015)-ON,Dropout
586.7666666666667,OSAP,Immigration Consultant (2016) - ON,Dropout
312.8333333333333,OSAP,Immigration Consultant (2016) - ON,Active/Graduated
266.96666666666664,Self Paid/Private,Business Administration (2013)-ON,Dropout
650.3333333333334,OSAP,Business Administration (2013)-ON,Dropout
894.8333333333334,OSAP,Logistics and Supply Chain Operations (2016) - ON ,Active/Graduated
475.6166666666667,OSAP,Immigration Consultant (2016) - ON,Active/Graduated
432.26666666666665,OSAP,Immigration Consultant (2016) - ON,Active/Graduated
645.55,OSAP,Business Administration (2013)-ON,Active/Graduated
1075.6,OSAP,Medical Office Assistant with HUC Specialty (Instr)-ON,Active/Graduated
431.18333333333334,OSAP,Immigration Consultant (2016) - ON,Active/Graduated
942.8166666666667,OSAP,Business Administration (2013)-ON,Active/Graduated
1686.9,OSAP,Business Administration (2013)-ON,Dropout
943.7166666666667,OSAP,Business Administration (2013)-ON,Active/Graduated
907.6333333333333,OSAP,Business Administration (2013)-ON,Active/Graduated
440.35,OSAP,Immigration Consultant (2016) - ON,Active/Graduated
28.8,OSAP,Medical Office Assistant with HUC Specialty (Instr)-ON,Dropout
20.6,Self Paid/Private,Personal Support Worker (2016) - AOL,Dropout
830.7666666666667,OSAP,Business Administration (2013)-ON,Active/Graduated
391.8666666666667,OSAP,Immigration Consultant (2016) - ON,Active/Graduated
887.1166666666667,OSAP,Network Administrator (2013)-ON,Dropout
461.4166666666667,OSAP,Immigration Consultant (2016) - ON,Active/Graduated
300.4,OSAP,Immigration Consultant (2016) - ON,Dropout
160.9,Self Paid/Private,Immigration Consultant (2016) - ON,Dropout
195.6,OSAP,Immigration Consultant (2016) - ON,Dropout
916.5333333333333,OSAP,Immigration Consultant (2016) - ON,Active/Graduated
109.06666666666666,OSAP,Business Administration (2013)-ON,Dropout
424.4166666666667,OSAP,Immigration Consultant (2016) - ON,Active/Graduated
65.16666666666667,OSAP,Immigration Consultant (2016) - ON,Dropout
10.5,OSAP,Immigration Consultant (2016) - ON,Dropout
394.75,OSAP,Immigration Consultant (2016) - ON,Active/Graduated
600.0666666666667,OSAP,Personal Support Worker (2016) - AOL,Dropout
324.23333333333335,OSAP,Immigration Consultant (2016) - ON,Active/Graduated
745.8166666666667,OSAP,Business Administration (2013)-ON,Active/Graduated
912.9666666666667,OSAP,Business Administration (2013)-ON,Active/Graduated
562.1666666666666,OSAP,Personal Support Worker (2016) - AOL,Active/Graduated
570.7166666666667,OSAP,Immigration Consultant (2016) - ON,Active/Graduated
145.33333333333334,OSAP,Business Office Skills (2013)-ON,Dropout
434.56666666666666,OSAP,Immigration Consultant (2016) - ON,Active/Graduated
455.2,OSAP,Immigration Consultant (2016) - ON,Active/Graduated
515.7833333333333,OSAP,Personal Support Worker (2016) - AOL,Active/Graduated
685.2,OSAP,Business Administration (2013)-ON,Active/Graduated
652.9,OSAP,Immigration Consultant (2016) - ON,Active/Graduated
533.7833333333333,OSAP,Personal Support Worker (2016) - AOL,Active/Graduated
1126.1333333333334,OSAP,Accounting and Payroll Administrator (2013)-ON,Dropout
399.96666666666664,OSAP,Immigration Consultant (2016) - ON,Active/Graduated
111.96666666666667,OSAP,Law Clerk (2013)-ON,Dropout
31.033333333333335,OSAP,Immigration Consultant (2016) - ON,Dropout
3.966666666666667,OSAP,Immigration Consultant (2016) - ON,Dropout
467.35,OSAP,Immigration Consultant (2016) - ON,Active/Graduated
277.78333333333336,OSAP,Law Clerk (2013)-ON,Dropout
441.56666666666666,OSAP,Immigration Consultant (2016) - ON,Active/Graduated
543.9166666666666,OSAP,Immigration Consultant (2016) - ON,Active/Graduated
63.266666666666666,OSAP,Immigration Consultant (2016) - ON,Dropout
374.28333333333336,OSAP,Immigration Consultant (2016) - ON,Active/Graduated
744.6666666666666,OSAP,Home Inspection (2009)-ON,Dropout
544.6,OSAP,Computer Service Technician (2013)-ON,Dropout
887.4666666666667,OSAP,Business Administration (2013)-ON,Dropout
458.31666666666666,OSAP,Immigration Consultant (2016) - ON,Active/Graduated
788.2333333333333,Self Paid/Private,Immigration Consultant (2016) - ON,Active/Graduated
16.45,OSAP,Law Clerk (2013)-ON,Dropout
369.96666666666664,OSAP,Immigration Consultant (2016) - ON,Active/Graduated
343.1166666666667,OSAP,Immigration Consultant (2016) - ON,Active/Graduated
493.55,OSAP,Personal Support Worker (2016) - AOL,Active/Graduated
8.333333333333334,OSAP,Business Administration (2013)-ON,Dropout
139.1,OSAP,Business Administration (2013)-ON,Dropout
80.43333333333334,OSAP,Home Inspection (2009)-ON,Dropout
139.23333333333332,OSAP,Business Administration (2013)-ON,Dropout
725.2166666666667,OSAP,Business Administration (2013)-ON,Active/Graduated
20.833333333333332,OSAP,Medical Office Assistant with HUC Specialty (Instr)-ON,Dropout
308.2,OSAP,Immigration Consultant (2016) - ON,Active/Graduated
573.0166666666667,OSAP,Immigration Consultant (2016) - ON,Active/Graduated
382.56666666666666,OSAP,Immigration Consultant (2016) - ON,Active/Graduated
799.7,OSAP,Business Administration (2013)-ON,Active/Graduated
257.55,OSAP,Immigration Consultant (2016) - ON,Active/Graduated
462.35,OSAP,Personal Support Worker (2016) - AOL,Active/Graduated
22.566666666666666,OSAP,Immigration Consultant (2016) - ON,Dropout
544.3666666666667,OSAP,Immigration Consultant (2016) - ON,Active/Graduated
489.2,OSAP,Immigration Consultant (2016) - ON,Active/Graduated
17.95,OSAP,Immigration Consultant (2016) - ON,Dropout
176.71666666666667,OSAP,Logistics and Supply Chain Operations (2016) - ON ,Dropout
605.4333333333333,OSAP,Immigration Consultant (2016) - ON,Active/Graduated
255.55,OSAP,Medical Office Assistant with HUC Specialty (Instr)-ON,Dropout
723.5666666666667,OSAP,Personal Support Worker (2016) - AOL,Dropout
537.35,OSAP,Personal Support Worker (2016) - AOL,Active/Graduated
822.0833333333334,OSAP,Business Administration (2013)-ON,Active/Graduated
695.7333333333333,OSAP,Paralegal (2014)-ON,Active/Graduated
518.45,OSAP,Paralegal (2014)-ON,Active/Graduated
1058.5666666666666,OSAP,Paralegal (2014)-ON,Active/Graduated
722.4666666666667,OSAP,Paralegal (2014)-ON,Dropout
542.4166666666666,OSAP,Law Clerk (2013)-ON,Dropout
532.2666666666667,OSAP,Immigration Consultant (2016) - ON,Active/Graduated
53.766666666666666,OSAP,Business Administration (2013)-ON,Dropout
4.783333333333333,OSAP,Home Inspection (2009)-ON,Dropout
788.0833333333334,OSAP,Business Administration (2013)-ON,Active/Graduated
343.75,OSAP,Immigration Consultant (2016) - ON,Active/Graduated
4.7,OSAP,Business Administration (2013)-ON,Dropout
8.0,OSAP,Immigration Consultant (2016) - ON,Dropout
1165.2666666666667,OSAP,Personal Support Worker (2016) - AOL,Dropout
419.15,OSAP,Immigration Consultant (2016) - ON,Active/Graduated
502.26666666666665,OSAP,Immigration Consultant (2016) - ON,Active/Graduated
245.73333333333332,OSAP,Network Administrator (2013)-ON,Dropout
611.8833333333333,OSAP,Administrative Assistant (2013)-ON,Active/Graduated
772.0833333333334,OSAP,Business Administration (2013)-ON,Active/Graduated
349.6333333333333,OSAP,Immigration Consultant (2016) - ON,Dropout
388.9,OSAP,Business Office Skills (2013)-ON,Dropout
343.81666666666666,OSAP,Paralegal (2014)-ON,Active/Graduated
611.2166666666667,OSAP,Administrative Assistant (2013)-ON,Active/Graduated
382.6333333333333,OSAP,Immigration Consultant (2016) - ON,Active/Graduated
505.7,OSAP,Personal Support Worker (2016) - AOL,Active/Graduated
729.4666666666667,OSAP,Accounting and Payroll Administrator (2013)-ON,Active/Graduated
2.1333333333333333,OSAP,Law Clerk (2013)-ON,Dropout
54.06666666666667,OSAP,Immigration Consultant (2016) - ON,Dropout
429.3666666666667,OSAP,Medical Office Assistant with HUC Specialty (Instr)-ON,Dropout
446.75,OSAP,Personal Support Worker (2016) - AOL,Active/Graduated
524.65,OSAP,Home Inspection (2009)-ON,Dropout
861.6,OSAP,Business Administration (2013)-ON,Active/Graduated
872.9333333333333,OSAP,Business Administration (2013)-ON,Active/Graduated
24.066666666666666,OSAP,Business Office Skills (2013)-ON,Dropout
435.4166666666667,OSAP,Immigration Consultant (2016) - ON,Active/Graduated
461.06666666666666,OSAP,Immigration Consultant (2016) - ON,Active/Graduated
69.2,OSAP,Logistics and Supply Chain Operations (2016) - ON ,Dropout
849.9166666666666,OSAP,Paralegal (2014)-ON,Dropout
38.333333333333336,OSAP,Logistics and Supply Chain Operations (2016) - ON ,Dropout
292.1,OSAP,Immigration Consultant (2016) - ON,Active/Graduated
20.766666666666666,OSAP,Business Administration (2013)-ON,Dropout
401.8,OSAP,Immigration Consultant (2016) - ON,Dropout
838.0666666666667,OSAP,Law Clerk (2013)-ON,Dropout
4.466666666666667,OSAP,Business Administration (2013)-ON,Dropout
659.1666666666666,OSAP,Immigration Consultant (2016) - ON,Dropout
3.0166666666666666,OSAP,Paralegal (2014)-ON,Dropout
29.65,OSAP,Logistics and Supply Chain Operations (2016) - ON ,Dropout
455.5833333333333,Self Paid/Private,Immigration Consultant (2016) - ON,Active/Graduated
872.45,Self Paid/Private,Business Administration (2013)-ON,Active/Graduated
33.86666666666667,OSAP,Logistics and Supply Chain Operations (2016) - ON ,Dropout
850.9666666666667,OSAP,Immigration Consultant (2016) - ON,Active/Graduated
428.98333333333335,OSAP,Immigration Consultant (2016) - ON,Active/Graduated
498.3333333333333,OSAP,Immigration Consultant (2016) - ON,Active/Graduated
370.5,OSAP,Computerized Accounting (2013)-ON,Active/Graduated
402.25,OSAP,Immigration Consultant (2016) - ON,Active/Graduated
3.3666666666666667,Self Paid/Private,Immigration Consultant (2016) - ON,Active/Graduated
1.2833333333333334,OSAP,Medical Office Assistant with HUC Specialty (Instr)-ON,Dropout
163.95,OSAP,Home Inspection (2009)-ON,Dropout
415.6166666666667,OSAP,Computerized Accounting (2013)-ON,Active/Graduated
408.23333333333335,None,Project Administration (2013)-ON,Active/Graduated
119.35,None,Logistics and Supply Chain Operations (2016) - ON ,Dropout
395.4,OSAP,Immigration Consultant (2016) - ON,Active/Graduated
3.8666666666666667,OSAP,Accounting and Payroll Administrator (2013)-ON,Dropout
4.0,OSAP,Conference and Event Planner (2014)-ON,Dropout
569.65,OSAP,Accounting and Payroll Administrator (2013)-ON,Dropout
39.666666666666664,None,Business Administration (2013)-ON,Dropout
4.35,OSAP,Logistics and Supply Chain Operations (2016) - ON ,Dropout
28.083333333333332,OSAP,Paralegal (2014)-ON,Dropout
31.316666666666666,OSAP,Home Inspection (2009)-ON,Dropout
15.816666666666666,OSAP,Paralegal (2014)-ON,Dropout
371.5,OSAP,Immigration Consultant (2016) - ON,Active/Graduated
128.8,OSAP,Paralegal (2014)-ON,Dropout
467.28333333333336,OSAP,Immigration Consultant (2016) - ON,Active/Graduated
49.65,OSAP,Medical Office Assistant with HUC Specialty (Instr)-ON,Dropout
322.3,OSAP,Immigration Consultant (2016) - ON,Active/Graduated
412.23333333333335,OSAP,Immigration Consultant (2016) - ON,Active/Graduated
366.6166666666667,OSAP,Immigration Consultant (2016) - ON,Active/Graduated
18.3,OSAP,Immigration Consultant (2016) - ON,Dropout
400.68333333333334,OSAP,Immigration Consultant (2016) - ON,Active/Graduated
69.51666666666667,OSAP,Personal Support Worker (2016) - AOL,Active/Graduated
242.11666666666667,OSAP,Immigration Consultant (2016) - ON,Active/Graduated
3.716666666666667,OSAP,Project Administration (2013)-ON,Dropout
164.73333333333332,OSAP,Business Administration (2013)-ON,Dropout
346.9,OSAP,Medical Receptionist (2013)-ON,Active/Graduated
222.31666666666666,Self Paid/Private,Immigration Consultant (2016) - ON,Active/Graduated
179.53333333333333,OSAP,Immigration Consultant (2016) - ON,Active/Graduated
81.01666666666667,OSAP,Logistics and Supply Chain Operations (2016) - ON ,Dropout
23.183333333333334,OSAP,Medical Office Assistant with HUC Specialty (Instr)-ON,Dropout
369.1333333333333,OSAP,Business Office Administration Cert (2013)-ON,Active/Graduated
8.883333333333333,OSAP,Medical Office Assistant with HUC Specialty (Instr)-ON,Dropout
4.0,OSAP,Business Administration (2013)-ON,Dropout
402.71666666666664,OSAP,Accounting and Payroll Administrator (2013)-ON,Dropout
192.9,Self Paid/Private,Business Administration (2013)-ON,Active/Graduated
152.8,OSAP,Medical Office Assistant (Instr)-ON,Dropout
6.5,None,Business Administration (2013)-ON,Dropout
19.7,OSAP,Business Office Skills (2013)-ON,Dropout
184.4,OSAP,Immigration Consultant (2016) - ON,Dropout
31.583333333333332,OSAP,Accounting and Payroll Administrator (2013)-ON,Dropout
149.76666666666668,OSAP,Business Administration (2013)-ON,Dropout
4.016666666666667,OSAP,Immigration Consultant (2016) - ON,Dropout
93.16666666666667,OSAP,Home Inspection (2009)-ON,Dropout
7.883333333333334,OSAP,Immigration Consultant (2016) - ON,Dropout
3.2666666666666666,OSAP,Computerized Accounting (2013)-ON,Dropout
68.35,OSAP,Medical Office Assistant (Instr)-ON,Dropout
6.366666666666666,None,Medical Office Assistant (Instr)-ON,Dropout
76.56666666666666,OSAP,Accounting and Payroll Administrator (2013)-ON,Dropout
101.86666666666666,None,Immigration Consultant (2016) - ON,Dropout
97.65,OSAP,Business Administration (2013)-ON,Dropout
50.63333333333333,OSAP,Web Designer (2015)-ON,Dropout
7.55,OSAP,Computer Service Technician (2016) - ON,Dropout
11.966666666666667,OSAP,Medical Office Assistant (Instr)-ON,Dropout
7.666666666666667,None,IT Security Specialist Cert (2013)-ON,Dropout
17.8,None,Business Administration (2013)-ON,Dropout
13.366666666666667,None,Network Administrator (2013)-ON,Dropout
11.1,None,Project Administration (2013)-ON,Dropout
9.633333333333333,None,Business Administration (2013)-ON,Dropout
28.016666666666666,None,Conference and Event Planner (2014)-ON,Dropout
7.1,None,Medical Office Assistant (Virtual) (2014) - ON,Dropout
106.08333333333333,Self Paid/Private,Network Administrator (2013)-ON,Dropout
16.233333333333334,Self Paid/Private,Conference and Event Planner (2014)-ON,Dropout
584.6666666666666,Self Paid/Private,Project Administration (2013)-ON,Dropout
589.0,Self Paid  Sponsored,Medical Office Assistant (Instr)-ON,Dropout
180.76666666666668,Self Paid/Private,Conference and Event Planner (2014)-ON,Dropout
1077.9333333333334,Self Paid/Private,Project Administration (2013)-ON,Dropout
713.2333333333333,Self Paid/Private,Business Administration (2013)-ON,Dropout
549.7333333333333,Self Paid/Private,Project Administration (2013)-ON,Dropout
408.3333333333333,Self Paid/Private,Business Accounting (2014)-ON,Dropout
408.3666666666667,Self Paid/Private,Business Accounting (2014)-ON,Dropout
268.15,Self Paid/Private,Network Administrator (2013)-ON,Dropout
498.2,Self Paid/Private,Project Administration (2013)-ON,Dropout
1026.7333333333333,Self Paid/Private,Project Administration (2013)-ON,Dropout
780.1666666666666,Self Paid/Private,Accounting and Payroll Administrator (2013)-ON,Dropout
511.23333333333335,Self Paid/Private,Project Administration (2013)-ON,Dropout
466.23333333333335,Self Paid/Private,Business Administration (2013)-ON,Dropout
460.6333333333333,Self Paid/Private,Personal Support Worker (2016) - AOL,Dropout
687.0333333333333,Self Paid/Private,Medical Office Assistant (Instr)-ON,Dropout
409.0,Self Paid/Private,Medical Office Assistant (Instr)-ON,Dropout
883.5333333333333,Self Paid/Private,Business Administration (2013)-ON,Dropout
400.96666666666664,Self Paid/Private,Medical Office Assistant (Instr)-ON,Dropout
605.9,Self Paid/Private,Business Administration (2013)-ON,Dropout
1195.7666666666667,Self Paid/Private,Project Administration (2013)-ON,Dropout
955.2666666666667,Self Paid/Private,Accounting and Payroll Administrator (2013)-ON,Dropout
516.9,Self Paid/Private,Medical Office Assistant (Instr)-ON,Dropout
1341.4333333333334,Self Paid/Private,Personal Support Worker (2016) - AOL,Dropout
412.7,Self Paid/Private,Medical Office Assistant (Instr)-ON,Dropout
358.46666666666664,Self Paid/Private,Business Administration (2013)-ON,Dropout
1302.0,Self Paid/Private,Medical Office Assistant (Instr)-ON,Dropout
670.4,Self Paid/Private,Business Administration (2013)-ON,Dropout
1326.4,Self Paid/Private,Business Administration (2013)-ON,Dropout
462.73333333333335,Self Paid/Private,Personal Support Worker (2016) - AOL,Dropout
292.15,Self Paid/Private,Payroll Administrator Cert (2013)-ON,Dropout
676.9666666666667,Self Paid/Private,Logistics and Supply Chain Operations (2016) - ON ,Dropout
473.35,Self Paid/Private,Conference and Event Planner (2014)-ON,Dropout
476.95,Self Paid/Private,Network Administrator (2013)-ON,Dropout
409.96666666666664,Self Paid/Private,Medical Office Assistant (Instr)-ON,Dropout
486.03333333333336,Self Paid/Private,Business Administration (2013)-ON,Dropout
490.3,Self Paid/Private,Business Administration (2013)-ON,Dropout
316.23333333333335,Self Paid/Private,Medical Office Assistant (Instr)-ON,Dropout
54.78333333333333,Self Paid/Private,Business Administration (2013)-ON,Dropout
285.76666666666665,Self Paid/Private,Law Clerk (2013)-ON,Dropout
46.56666666666667,Self Paid/Private,Personal Support Worker (2016) - AOL,Dropout
263.2,Self Paid/Private,Conference and Event Planner (2014)-ON,Dropout
167.4,Self Paid  Sponsored,Network Administrator (2013)-ON,Dropout
69.8,Self Paid/Private,Medical Office Assistant (Instr)-ON,Dropout
738.8666666666667,Self Paid/Private,Business Administration (2013)-ON,Dropout
92.81666666666666,Self Paid/Private,Project Administration (2013)-ON,Dropout
25.45,Self Paid/Private,Network Administrator (2013)-ON,Dropout
225.2,Self Paid/Private,Project Administration (2013)-ON,Dropout
535.7666666666667,Self Paid/Private,Accounting and Payroll Administrator (2013)-ON,Dropout
211.71666666666667,Self Paid/Private,Business Administration (2013)-ON,Dropout
90.16666666666667,Self Paid/Private,Logistics and Supply Chain Operations (2016) - ON ,Dropout
109.45,Self Paid/Private,Logistics and Supply Chain Operations (2016) - ON ,Dropout
143.08333333333334,Self Paid/Private,Network Administrator (2013)-ON,Dropout
722.5666666666667,Self Paid/Private,Accounting and Payroll Administrator (2013)-ON,Dropout
28.6,Self Paid/Private,Business Administration (2013)-ON,Dropout
336.26666666666665,None,Business Office Administration Cert (2013)-ON,Dropout
18.166666666666668,Self Paid/Private,Network Administrator (2013)-ON,Dropout
158.83333333333334,Self Paid/Private,Network Administrator (2013)-ON,Dropout
176.8,Self Paid/Private,Network Administrator (2013)-ON,Dropout
362.98333333333335,Self Paid/Private,Business Office Administration Cert (2013)-ON,Active/Graduated
0.38333333333333336,Self Paid  Sponsored,Logistics and Supply Chain Operations (2016) - ON ,Dropout
335.96666666666664,Self Paid/Private,Business Office Administration Cert (2013)-ON,Active/Graduated
283.96666666666664,Self Paid/Private,Project Administration (2013)-ON,Dropout
75.71666666666667,None,Marketing Coordinator (2013)-ON,Dropout
239.5,Self Paid/Private,Business Administration (2013)-ON,Dropout
28.966666666666665,Self Paid  Sponsored,Project Administration (2013)-ON,Dropout
11.816666666666666,Self Paid/Private,Business Administration (2013)-ON,Dropout
96.85,Self Paid/Private,Business Administration (2013)-ON,Dropout
483.0,Self Paid/Private,Business Office Administration Cert (2013)-ON,Dropout
98.33333333333333,None,Conference and Event Planner (2014)-ON,Dropout
96.28333333333333,Self Paid/Private,Business Administration (2013)-ON,Dropout
195.6,Self Paid/Private,Project Administration (2013)-ON,Dropout
249.0,None,Project Administration (2013)-ON,Dropout
202.81666666666666,Self Paid/Private,Medical Office Assistant (Instr)-ON,Dropout
69.05,None,Business Administration (2013)-ON,Dropout
101.36666666666666,Self Paid/Private,Medical Office Assistant (Instr)-ON,Dropout
89.46666666666667,Self Paid  Sponsored,Network Administrator (2013)-ON,Dropout
156.13333333333333,Self Paid/Private,Network Administrator (2013)-ON,Dropout
191.03333333333333,None,Network Administrator (2013)-ON,Dropout
190.31666666666666,None,Network Administrator (2013)-ON,Dropout
101.1,Self Paid/Private,Conference and Event Planner (2014)-ON,Dropout
115.2,Self Paid/Private,Accounting and Payroll Administrator (2013)-ON,Dropout
74.01666666666667,Self Paid/Private,Accounting and Payroll Administrator (2013)-ON,Dropout
179.16666666666666,Self Paid/Private,Accounting and Payroll Administrator (2013)-ON,Dropout
44.7,None,Business Administration (2013)-ON,Dropout
246.21666666666667,Self Paid  Sponsored,Project Administration (2013)-ON,Dropout
89.76666666666667,Self Paid  Sponsored,Project Administration (2013)-ON,Dropout
8.233333333333333,Self Paid/Private,Project Administration (2013)-ON,Dropout
389.98333333333335,Self Paid/Private,Business Administration (2013)-ON,Dropout
141.31666666666666,Self Paid  Sponsored,Network Administrator (2013)-ON,Dropout
172.2,None,Business Administration (2013)-ON,Dropout
188.86666666666667,Self Paid/Private,Accounting and Payroll Administrator (2013)-ON,Dropout
241.01666666666668,Self Paid  Sponsored,Network Administrator (2013)-ON,Dropout
32.38333333333333,Self Paid  Sponsored,Network Administrator (2013)-ON,Dropout
182.03333333333333,None,Business Administration (2013)-ON,Dropout
61.43333333333333,None,Network Administrator (2013)-ON,Dropout
8.033333333333333,Self Paid  Sponsored,Project Administration (2013)-ON,Dropout
383.6333333333333,Self Paid  Sponsored,Business Administration (2013)-ON,Dropout
398.9166666666667,None,Project Administration (2013)-ON,Dropout
13.583333333333334,Self Paid/Private,Accounting and Payroll Administrator (2013)-ON,Dropout
201.56666666666666,Self Paid/Private,Web Designer (2015)-ON,Dropout
187.91666666666666,Self Paid/Private,Business Administration (2013)-ON,Dropout
46.6,Self Paid  Sponsored,Web Designer (2015)-ON,Dropout
73.28333333333333,Self Paid/Private,Accounting and Payroll Administrator (2013)-ON,Dropout
48.166666666666664,None,Business Administration (2013)-ON,Dropout
104.55,None,Network Administrator (2013)-ON,Dropout
45.416666666666664,None,Project Administration (2013)-ON,Dropout
151.33333333333334,None,Marketing Coordinator (2013)-ON,Dropout
21.25,None,Network Administrator (2013)-ON,Dropout
48.666666666666664,None,Business Administration (2013)-ON,Dropout
13.433333333333334,None,Network Administrator (2013)-ON,Dropout
55.5,None,Project Administration (2013)-ON,Dropout
0.36666666666666664,None,Conference and Event Planner (2014)-ON,Dropout
254.76666666666668,None,Project Administration (2013)-ON,Dropout
59.35,None,Network Administrator (2013)-ON,Dropout
10.35,None,Network Administrator (2013)-ON,Dropout
249.51666666666668,None,Conference and Event Planner (2014)-ON,Dropout
172.33333333333334,None,Medical Office Assistant (Instr)-ON,Dropout
31.8,None,Marketing Coordinator (2013)-ON,Dropout
18.5,None,Conference and Event Planner (2014)-ON,Dropout
27.183333333333334,None,Business Administration (2013)-ON,Dropout
2.0166666666666666,None,Medical Office Assistant (Instr)-ON,Dropout
0.05,None,Conference and Event Planner (2014)-ON,Dropout
104.13333333333334,None,Conference and Event Planner (2014)-ON,Dropout
286.4166666666667,Self Paid/Private,Medical Office Assistant (Instr)-ON,Dropout
60.86666666666667,None,Project Administration (2013)-ON,Dropout
3.283333333333333,None,Project Administration (2013)-ON,Dropout
63.71666666666667,Self Paid/Private,Accounting and Payroll Administrator (2013)-ON,Dropout
105.0,None,Medical Office Assistant (Instr)-ON,Dropout
64.6,None,Project Administration (2013)-ON,Dropout
72.13333333333334,None,Project Administration (2013)-ON,Dropout
15.016666666666667,None,Network Administrator (2013)-ON,Dropout
107.08333333333333,Self Paid/Private,Accounting and Payroll Administrator (2013)-ON,Dropout
120.73333333333333,None,Project Administration (2013)-ON,Dropout
79.06666666666666,None,Conference and Event Planner (2014)-ON,Dropout
119.55,None,Project Administration (2013)-ON,Dropout
96.51666666666667,None,Conference and Event Planner (2014)-ON,Dropout
62.266666666666666,None,Medical Office Assistant (Instr)-ON,Dropout
49.36666666666667,None,Conference and Event Planner (2014)-ON,Dropout
7.783333333333333,None,Network Administrator (2013)-ON,Dropout
99.11666666666666,None,Conference and Event Planner (2014)-ON,Dropout
53.7,None,Network Administrator (2013)-ON,Dropout
57.15,None,Personal Support Worker (2016) - AOL,Dropout
20.816666666666666,None,Business Administration (2013)-ON,Dropout
34.1,None,Business Administration (2013)-ON,Dropout
36.56666666666667,None,Network Administrator (2013)-ON,Dropout
105.33333333333333,None,Logistics and Supply Chain Operations (2016) - ON ,Dropout
125.43333333333334,None,Conference and Event Planner (2014)-ON,Dropout
38.53333333333333,None,Conference and Event Planner (2014)-ON,Dropout
108.96666666666667,Self Paid/Private,Accounting and Payroll Administrator (2013)-ON,Dropout
127.05,None,Network Administrator (2013)-ON,Dropout
109.48333333333333,None,Network Administrator (2013)-ON,Dropout
133.56666666666666,None,Project Administration (2013)-ON,Dropout
32.88333333333333,None,Business Administration (2013)-ON,Dropout
46.61666666666667,None,Logistics and Supply Chain Operations (2016) - ON ,Dropout
161.28333333333333,None,Project Administration (2013)-ON,Dropout
89.26666666666667,None,Business Administration (2013)-ON,Dropout
115.61666666666666,None,Network Administrator (2013)-ON,Dropout
40.25,None,Conference and Event Planner (2014)-ON,Dropout
94.4,None,Logistics and Supply Chain Operations (2016) - ON ,Dropout
23.466666666666665,None,Network Administrator (2013)-ON,Dropout
180.46666666666667,None,Medical Office Assistant (Virtual) (2014) - ON,Dropout
92.71666666666667,None,Project Administration (2013)-ON,Dropout
109.53333333333333,None,Conference and Event Planner (2014)-ON,Dropout
105.8,None,Conference and Event Planner (2014)-ON,Dropout
71.96666666666667,None,Business Administration (2013)-ON,Dropout
3.3666666666666667,None,Logistics and Supply Chain Operations (2016) - ON ,Dropout
12.7,None,Logistics and Supply Chain Operations (2016) - ON ,Dropout
34.35,None,Conference and Event Planner (2014)-ON,Dropout
4.0,None,Business Administration (2013)-ON,Dropout
124.01666666666667,None,Medical Office Assistant (Instr)-ON,Dropout
69.46666666666667,None,Business Administration (2013)-ON,Dropout
111.85,None,Project Administration (2013)-ON,Dropout
112.26666666666667,None,IT Security Specialist Cert (2013)-ON,Dropout
55.85,None,Medical Office Assistant (Instr)-ON,Dropout
228.61666666666667,OSAP,Immigration Consultant (2016) - ON,Active/Graduated
366.28333333333336,Sponsored/Gov't,Immigration Consultant (2016) - ON,Active/Graduated
294.3833333333333,OSAP,Immigration Consultant (2016) - ON,Active/Graduated
521.6166666666667,OSAP,Immigration Consultant (2016) - ON,Active/Graduated
439.15,OSAP,Immigration Consultant (2016) - ON,Active/Graduated
475.06666666666666,OSAP,Immigration Consultant (2016) - ON,Active/Graduated
886.8666666666667,OSAP,Business Administration (2013)-ON,Active/Graduated
28.5,OSAP,Business Administration (2013)-ON,Dropout
429.05,OSAP,Immigration Consultant (2016) - ON,Active/Graduated
549.2,OSAP,Immigration Consultant (2016) - ON,Active/Graduated
423.3666666666667,OSAP,Immigration Consultant (2016) - ON,Active/Graduated
507.51666666666665,OSAP,Immigration Consultant (2016) - ON,Active/Graduated
764.3666666666667,OSAP,Accounting and Payroll Administrator (2013)-ON,Active/Graduated
524.7333333333333,OSAP,Immigration Consultant (2016) - ON,Active/Graduated
471.98333333333335,OSAP,Immigration Consultant (2016) - ON,Active/Graduated
439.51666666666665,OSAP,Paralegal (2014)-ON,Dropout
102.0,OSAP,Immigration Consultant (2016) - ON,Dropout
357.71666666666664,OSAP,Immigration Consultant (2016) - ON,Active/Graduated
4.3,None,Business Administration (2013)-ON,Dropout
0.85,None,Paralegal (2014)-ON,Dropout
344.53333333333336,OSAP,Immigration Consultant (2016) - ON,Active/Graduated
423.96666666666664,OSAP,Immigration Consultant (2016) - ON,Active/Graduated
296.6,OSAP,Immigration Consultant (2016) - ON,Active/Graduated
50.36666666666667,OSAP,Immigration Consultant (2016) - ON,Dropout
499.2,Self Paid/Private,Immigration Consultant (2016) - ON,Dropout
5.266666666666667,OSAP,Business Administration (2013)-ON,Dropout
431.1333333333333,OSAP,Immigration Consultant (2016) - ON,Active/Graduated
65.18333333333334,OSAP,Paralegal (2014)-ON,Dropout
572.8,OSAP,Immigration Consultant (2016) - ON,Active/Graduated
626.6833333333333,OSAP,Home Inspection (2009)-ON,Dropout
456.4,OSAP,Medical Receptionist (2013)-ON,Active/Graduated
355.35,OSAP,Paralegal (2014)-ON,Dropout
8.35,None,Business Administration (2013)-ON,Dropout
8.883333333333333,OSAP,Business Administration (2013)-ON,Dropout
363.6,OSAP,Immigration Consultant (2016) - ON,Active/Graduated
308.1333333333333,OSAP,Immigration Consultant (2016) - ON,Active/Graduated
11.766666666666667,None,Paralegal (2014)-ON,Dropout
417.01666666666665,OSAP,Immigration Consultant (2016) - ON,Active/Graduated
465.1166666666667,Self Paid/Private,Immigration Consultant (2016) - ON,Active/Graduated
491.85,OSAP,Immigration Consultant (2016) - ON,Active/Graduated
457.1666666666667,OSAP,Immigration Consultant (2016) - ON,Active/Graduated
178.56666666666666,OSAP,Accounting and Payroll Administrator (2013)-ON,Dropout
266.65,OSAP,Accounting and Payroll Administrator (2013)-ON,Dropout
439.1666666666667,OSAP,Immigration Consultant (2016) - ON,Active/Graduated
47.78333333333333,OSAP,Immigration Consultant (2016) - ON,Dropout
488.5833333333333,OSAP,Accounting and Payroll Administrator (2013)-ON,Dropout
467.0833333333333,OSAP,Immigration Consultant (2016) - ON,Active/Graduated
20.0,OSAP,Medical Office Assistant with HUC Specialty (Instr)-ON,Dropout
409.96666666666664,OSAP,Immigration Consultant (2016) - ON,Active/Graduated
26.55,OSAP,Law Clerk (2013)-ON,Dropout
411.1333333333333,OSAP,Immigration Consultant (2016) - ON,Active/Graduated
8.0,OSAP,Immigration Consultant (2016) - ON,Dropout
2.9,OSAP,Medical Office Assistant (Instr)-ON,Dropout
58.56666666666667,OSAP,Medical Office Assistant with HUC Specialty (Instr)-ON,Dropout
349.81666666666666,OSAP,Medical Receptionist (2013)-ON,Active/Graduated
166.15,OSAP,Home Inspection (2009)-ON,Dropout
418.3666666666667,OSAP,Immigration Consultant (2016) - ON,Active/Graduated
343.78333333333336,OSAP,Immigration Consultant (2016) - ON,Active/Graduated
0.03333333333333333,OSAP,Immigration Consultant (2016) - ON,Dropout
262.8,OSAP,Medical Receptionist (2013)-ON,Dropout
8.016666666666667,OSAP,Home Inspection (2009)-ON,Dropout
119.91666666666667,OSAP,Logistics and Supply Chain Operations (2016) - ON ,Dropout
0.7333333333333333,None,Home Inspection (2009)-ON,Dropout
16.966666666666665,OSAP,Immigration Consultant (2016) - ON,Dropout
24.566666666666666,OSAP,Business Administration (2013)-ON,Dropout
7.283333333333333,Self Paid/Private,Personal Support Worker (2016) - AOL,Dropout
9.0,None,Immigration Consultant (2016) - ON,Dropout
3.3333333333333335,OSAP,Conference and Event Planner (2014)-ON,Dropout
77.11666666666666,OSAP,Immigration Consultant (2016) - ON,Dropout
109.45,None,Network Administrator (2013)-ON,Dropout
18.583333333333332,OSAP,Home Inspection (2009)-ON,Dropout
39.666666666666664,OSAP,Immigration Consultant (2016) - ON,Dropout
40.483333333333334,OSAP,Immigration Consultant (2016) - ON,Dropout
9.45,OSAP,Paralegal (2014)-ON,Dropout
160.33333333333334,OSAP,Business Administration (2013)-ON,Dropout
170.2,OSAP,Immigration Consultant (2016) - ON,Dropout
166.4,Self Paid/Private,Personal Support Worker (2016) - AOL,Dropout
8.75,OSAP,Paralegal (2014)-ON,Dropout
58.2,OSAP,Network Administrator (2013)-ON,Dropout
9.083333333333334,OSAP,Immigration Consultant (2016) - ON,Dropout
192.38333333333333,OSAP,Computerized Accounting (2013)-ON,Dropout
43.166666666666664,OSAP,Project Administration (2013)-ON,Dropout
0.7,OSAP,Network Administrator (2013)-ON,Dropout
18.866666666666667,OSAP,Logistics and Supply Chain Operations (2016) - ON ,Dropout
16.816666666666666,None,Business Administration (2013)-ON,Dropout
49.38333333333333,None,Immigration Consultant (2016) - ON,Dropout
0.9666666666666667,None,Business Administration (2013)-ON,Dropout
52.416666666666664,None,Conference and Event Planner (2014)-ON,Dropout
3.1666666666666665,None,Personal Support Worker (2016) - AOL,Dropout
10.3,None,Immigration Consultant (2016) - ON,Dropout
43.53333333333333,None,IT Security Specialist Cert (2013)-ON,Dropout
9.566666666666666,OSAP,Immigration Consultant (2016) - ON,Dropout
10.433333333333334,OSAP,Network Administrator (2013)-ON,Dropout
22.183333333333334,OSAP,Business Administration (2013)-ON,Dropout
7.733333333333333,None,INDIVIDUAL CERTIFICATE,Active/Graduated
4.0,OSAP,Computerized Accounting (2013)-ON,Dropout
144.43333333333334,None,Logistics and Supply Chain Operations (2016) - ON ,Dropout
42.516666666666666,None,Medical Office Assistant (Instr)-ON,Dropout
0.1,None,Project Administration (2013)-ON,Dropout
84.16666666666667,None,Personal Support Worker (2016) - AOL,Dropout
72.36666666666666,None,Medical Office Assistant (Instr)-ON,Dropout
48.6,None,Accounting and Payroll Administrator (2013)-ON,Dropout
58.55,None,Medical Office Assistant (Instr)-ON,Dropout
13.6,None,Business Administration (2013)-ON,Dropout
14.55,None,Network Administrator (2013)-ON,Dropout
18.433333333333334,None,Personal Support Worker (2016) - AOL,Dropout
4.466666666666667,None,Marketing Coordinator (2013)-ON,Dropout
40.6,None,Medical Office Assistant (Instr)-ON,Dropout
27.05,None,Business Administration (2013)-ON,Dropout
10.366666666666667,None,Medical Office Assistant (Instr)-ON,Dropout
62.916666666666664,None,Network Administrator (2013)-ON,Dropout
12.116666666666667,Self Paid/Private,Project Administration (2013)-ON,Dropout
121.4,Self Paid/Private,Medical Office Assistant (Instr)-ON,Dropout
498.26666666666665,Self Paid/Private,Business Administration (2013)-ON,Dropout
96.65,None,Web Designer (2015)-ON,Dropout
8.85,None,Web Designer (2015)-ON,Dropout
362.56666666666666,Sponsored/Private,Business Administration (2013)-ON,Dropout
148.83333333333334,Self Paid/Private,Medical Office Assistant (Instr)-ON,Dropout
122.91666666666667,Self Paid  Sponsored,Personal Support Worker (2016) - AOL,Dropout
118.56666666666666,Self Paid/Private,Accounting and Payroll Administrator (2013)-ON,Dropout
178.75,Self Paid  Sponsored,Network Administrator (2013)-ON,Dropout
130.36666666666667,Self Paid/Private,Paralegal (2014)-ON,Dropout
425.43333333333334,Self Paid/Private,Business Administration (2013)-ON,Dropout
179.48333333333332,Self Paid  Sponsored,Project Administration (2013)-ON,Dropout
110.53333333333333,Self Paid  Sponsored,Medical Office Assistant (Instr)-ON,Dropout
100.6,Self Paid  Sponsored,Medical Office Assistant (Instr)-ON,Dropout
207.81666666666666,Self Paid  Sponsored,Medical Office Assistant (Instr)-ON,Dropout
5.55,Self Paid/Private,Medical Office Assistant (Instr)-ON,Dropout
161.56666666666666,Self Paid  Sponsored,Network Administrator (2013)-ON,Dropout
5.65,Self Paid/Private,Network Administrator (2013)-ON,Dropout
6.483333333333333,Self Paid/Private,Network Administrator (2013)-ON,Dropout
84.38333333333334,Self Paid  Sponsored,Network Administrator (2013)-ON,Dropout
113.11666666666666,Self Paid  Sponsored,Network Administrator (2013)-ON,Dropout
56.05,Self Paid  Sponsored,Network Administrator (2013)-ON,Dropout
163.86666666666667,Self Paid  Sponsored,Network Administrator (2013)-ON,Dropout
280.75,Self Paid  Sponsored,Network Administrator (2013)-ON,Dropout
135.3,Self Paid  Sponsored,Network Administrator (2013)-ON,Dropout
204.88333333333333,Self Paid  Sponsored,Network Administrator (2013)-ON,Dropout
231.98333333333332,None,Network Administrator (2013)-ON,Dropout
253.73333333333332,Self Paid  Sponsored,Conference and Event Planner (2014)-ON,Dropout
242.85,None,Conference and Event Planner (2014)-ON,Dropout
47.0,Self Paid  Sponsored,Accounting and Payroll Administrator (2013)-ON,Dropout
141.61666666666667,Self Paid  Sponsored,Accounting and Payroll Administrator (2013)-ON,Dropout
5.283333333333333,Self Paid/Private,Accounting and Payroll Administrator (2013)-ON,Dropout
103.31666666666666,None,Business Administration (2013)-ON,Dropout
192.51666666666668,Self Paid/Private,Business Administration (2013)-ON,Dropout
198.73333333333332,Self Paid/Private,Business Administration (2013)-ON,Dropout
228.71666666666667,Self Paid  Sponsored,Business Administration (2013)-ON,Dropout
268.6666666666667,Self Paid  Sponsored,Business Administration (2013)-ON,Dropout
132.48333333333332,Self Paid/Private,Business Administration (2013)-ON,Dropout
203.18333333333334,Self Paid  Sponsored,Project Administration (2013)-ON,Dropout
183.28333333333333,Self Paid  Sponsored,Project Administration (2013)-ON,Dropout
163.05,Self Paid  Sponsored,Medical Office Assistant (Instr)-ON,Dropout
219.6,Self Paid  Sponsored,Medical Office Assistant (Instr)-ON,Dropout
53.916666666666664,Self Paid/Private,Medical Office Assistant (Instr)-ON,Dropout
210.28333333333333,Self Paid  Sponsored,Conference and Event Planner (2014)-ON,Dropout
145.76666666666668,None,Personal Support Worker (2016) - AOL,Dropout
114.73333333333333,Self Paid  Sponsored,Accounting and Payroll Administrator (2013)-ON,Dropout
227.26666666666668,None,Conference and Event Planner (2014)-ON,Dropout
86.71666666666667,Self Paid  Sponsored,Business Administration (2013)-ON,Dropout
6.5,None,Project Administration (2013)-ON,Dropout
115.16666666666667,None,Project Administration (2013)-ON,Dropout
13.066666666666666,None,Project Administration (2013)-ON,Dropout
103.5,None,Logistics and Supply Chain Operations (2016) - ON ,Dropout
103.23333333333333,Self Paid/Private,Personal Support Worker (2016) - AOL,Dropout
208.1,Self Paid/Private,Network Administrator (2013)-ON,Dropout
126.25,Self Paid/Private,Personal Support Worker (2016) - AOL,Dropout
34.45,Self Paid/Private,Network Administrator (2013)-ON,Dropout
65.46666666666667,Self Paid/Private,Medical Office Assistant (Instr)-ON,Dropout
47.75,None,Network Administrator (2013)-ON,Dropout
39.86666666666667,None,Business Administration (2013)-ON,Dropout
23.616666666666667,None,Business Administration (2013)-ON,Dropout
137.78333333333333,None,Marketing Coordinator (2013)-ON,Dropout
165.91666666666666,None,Personal Support Worker (2016) - AOL,Dropout
281.75,None,Conference and Event Planner (2014)-ON,Dropout
99.2,Self Paid/Private,Accounting and Payroll Administrator (2013)-ON,Dropout
275.1166666666667,None,Law Clerk (2013)-ON,Dropout
236.75,None,Business Administration (2013)-ON,Dropout
132.26666666666668,None,Business Administration (2013)-ON,Dropout
12.183333333333334,None,Network Administrator (2013)-ON,Dropout
53.3,None,Web Designer (2015)-ON,Dropout
278.6666666666667,None,Business Administration (2013)-ON,Dropout
200.88333333333333,None,Business Administration (2013)-ON,Dropout
6.65,None,Business Administration (2013)-ON,Dropout
106.06666666666666,None,Medical Office Assistant (Instr)-ON,Dropout
182.3,None,Medical Office Assistant (Instr)-ON,Dropout
118.71666666666667,None,Medical Office Assistant (Instr)-ON,Dropout
162.91666666666666,None,Network Administrator (2013)-ON,Dropout
274.5833333333333,None,Network Administrator (2013)-ON,Dropout
251.78333333333333,None,Business Administration (2013)-ON,Dropout
80.68333333333334,Self Paid/Private,Project Administration (2013)-ON,Dropout
289.5833333333333,Self Paid/Private,Logistics and Supply Chain Operations (2016) - ON ,Dropout
87.58333333333333,None,Conference and Event Planner (2014)-ON,Dropout
81.5,None,Conference and Event Planner (2014)-ON,Dropout
82.83333333333333,None,Conference and Event Planner (2014)-ON,Dropout
121.01666666666667,None,Project Administration (2013)-ON,Dropout
33.21666666666667,None,Medical Office Assistant (Instr)-ON,Dropout
80.08333333333333,None,Project Administration (2013)-ON,Dropout
16.15,None,Conference and Event Planner (2014)-ON,Dropout
63.55,None,Personal Support Worker (2016) - AOL,Dropout
83.03333333333333,None,Business Administration (2013)-ON,Dropout
96.73333333333333,None,Business Administration (2013)-ON,Dropout
34.56666666666667,None,Medical Office Assistant (Instr)-ON,Dropout
89.58333333333333,None,Personal Support Worker (2016) - AOL,Dropout
60.016666666666666,None,Paralegal (2014)-ON,Dropout
55.666666666666664,None,Personal Support Worker (2016) - AOL,Dropout
15.383333333333333,None,Project Administration (2013)-ON,Dropout
103.78333333333333,None,Network Administrator (2013)-ON,Dropout
32.65,None,Business Administration (2013)-ON,Dropout
4.0,None,Business Administration (2013)-ON,Dropout
73.63333333333334,None,Conference and Event Planner (2014)-ON,Dropout
150.03333333333333,None,Medical Office Assistant (Instr)-ON,Active/Graduated
72.98333333333333,None,Medical Office Assistant (Instr)-ON,Dropout
72.63333333333334,None,Conference and Event Planner (2014)-ON,Dropout
0.2833333333333333,None,Accounting and Payroll Administrator (2013)-ON,Dropout
114.41666666666667,None,Network Administrator (2013)-ON,Dropout
36.25,None,Conference and Event Planner (2014)-ON,Dropout
11.383333333333333,None,Conference and Event Planner (2014)-ON,Dropout
151.06666666666666,None,Conference and Event Planner (2014)-ON,Dropout
