Sr. No.,ContractCode,Program,Current,0-30,31-60,60-90,90 or more,Remarks
1,V150607,NA,100.00 ,100.00 ,100.00 ,100.00 ,100.00 ,
2,V150581,MOA+HUC,200.00 ,200.00 ,200.00 ,200.00 ,200.00 ,
3,V150524,WD,400.00 ,400.00 ,400.00 ,400.00 ,400.00 ,
4,V901010,NA,533.33 ,533.33 ,533.33 ,533.33 ,533.33 ,
5,V150571,BA,683.33 ,683.33 ,683.33 ,683.33 ,683.33 ,
6,V150570,BA,833.33 ,833.33 ,833.33 ,833.33 ,833.33 ,
7,V150575,IC EVE,983.33 ,983.33 ,983.33 ,983.33 ,983.33 ,
8,V150609,BA,"1,133.33 ","1,133.33 ","1,133.33 ","1,133.33 ","1,133.33 ",
9,,,"1,283.33 ","1,283.33 ","1,283.33 ","1,283.33 ","1,283.33 ",
10,V150588,MOA,"1,433.33 ","1,433.33 ","1,433.33 ","1,433.33 ","1,433.33 ",
11,V150601,BA,"1,583.33 ","1,583.33 ","1,583.33 ","1,583.33 ","1,583.33 ",
12,V150409,LSCO,"1,733.33 ","1,733.33 ","1,733.33 ","1,733.33 ","1,733.33 ",
13,V150579,APA,"1,883.33 ","1,883.33 ","1,883.33 ","1,883.33 ","1,883.33 ",
14,V150540,APA,"2,033.33 ","2,033.33 ","2,033.33 ","2,033.33 ","2,033.33 ",
15,V150071,MOA+HUC,"2,183.33 ","2,183.33 ","2,183.33 ","2,183.33 ","2,183.33 ",
16,V150544,PSW,"2,333.33 ","2,333.33 ","2,333.33 ","2,333.33 ","2,333.33 ",
17,V150564,PSW,"2,483.33 ","2,483.33 ","2,483.33 ","2,483.33 ","2,483.33 ",
18,V150203,PL,"2,633.33 ","2,633.33 ","2,633.33 ","2,633.33 ","2,633.33 ",
19,V150608,IC EVE,"2,783.33 ","2,783.33 ","2,783.33 ","2,783.33 ","2,783.33 ",
20,V150613,IC AM,"2,933.33 ","2,933.33 ","2,933.33 ","2,933.33 ","2,933.33 ",
21,V150593,IC EVE,"3,083.33 ","3,083.33 ","3,083.33 ","3,083.33 ","3,083.33 ",
22,V150563,IC AM,"3,233.33 ","3,233.33 ","3,233.33 ","3,233.33 ","3,233.33 ",
23,V150442,IC EVE,"3,383.33 ","3,383.33 ","3,383.33 ","3,383.33 ","3,383.33 ",
24,V150610,IC EVE,"3,533.33 ","3,533.33 ","3,533.33 ","3,533.33 ","3,533.33 ",
25,V150523,IC EVE,"3,683.33 ","3,683.33 ","3,683.33 ","3,683.33 ","3,683.33 ",
26,V150513,IC EVE,"3,833.33 ","3,833.33 ","3,833.33 ","3,833.33 ","3,833.33 ",
27,V150595,IC EVE,"3,983.33 ","3,983.33 ","3,983.33 ","3,983.33 ","3,983.33 ",
28,V150159,ProjAd,"4,133.33 ","4,133.33 ","4,133.33 ","4,133.33 ","4,133.33 ",
29,V150547,BA,"4,283.33 ","4,283.33 ","4,283.33 ","4,283.33 ","4,283.33 ",
30,V150577,CA,"4,433.33 ","4,433.33 ","4,433.33 ","4,433.33 ","4,433.33 ",
31,V150254,BA,"4,583.33 ","4,583.33 ","4,583.33 ","4,583.33 ","4,583.33 ",
32,V150231,BA,"4,733.33 ","4,733.33 ","4,733.33 ","4,733.33 ","4,733.33 ",
33,V150198,BA,"4,883.33 ","4,883.33 ","4,883.33 ","4,883.33 ","4,883.33 ",
34,V150037,BA,"5,033.33 ","5,033.33 ","5,033.33 ","5,033.33 ","5,033.33 ",
35,V150594,IC EVE,"5,183.33 ","5,183.33 ","5,183.33 ","5,183.33 ","5,183.33 ",
36,V150555,BOS,"5,333.33 ","5,333.33 ","5,333.33 ","5,333.33 ","5,333.33 ",
37,V150542,BOS,"5,483.33 ","5,483.33 ","5,483.33 ","5,483.33 ","5,483.33 ",
38,V150541,BOS,"5,633.33 ","5,633.33 ","5,633.33 ","5,633.33 ","5,633.33 ",
39,V150162,MOA,"5,783.33 ","5,783.33 ","5,783.33 ","5,783.33 ","5,783.33 ",
40,V150144,BA,"5,933.33 ","5,933.33 ","5,933.33 ","5,933.33 ","5,933.33 ",
41,V150482,IC AM,"6,083.33 ","6,083.33 ","6,083.33 ","6,083.33 ","6,083.33 ",
42,V150599,IC EVE,"6,233.33 ","6,233.33 ","6,233.33 ","6,233.33 ","6,233.33 ",
43,V150323,IC EVE,"6,383.33 ","6,383.33 ","6,383.33 ","6,383.33 ","6,383.33 ",
44,V150176,IC EVE,"6,533.33 ","6,533.33 ","6,533.33 ","6,533.33 ","6,533.33 ",
45,V150234,IC EVE,"6,683.33 ","6,683.33 ","6,683.33 ","6,683.33 ","6,683.33 ",
46,V150380,IC EVE,"6,833.33 ","6,833.33 ","6,833.33 ","6,833.33 ","6,833.33 ",
47,V150277,IC EVE,"6,983.33 ","6,983.33 ","6,983.33 ","6,983.33 ","6,983.33 ",
48,V150287,IC EVE,"7,133.33 ","7,133.33 ","7,133.33 ","7,133.33 ","7,133.33 ",
49,V150514IC PM,,"7,283.33 ","7,283.33 ","7,283.33 ","7,283.33 ","7,283.33 ",
50,V150390,IC EVE,"7,433.33 ","7,433.33 ","7,433.33 ","7,433.33 ","7,433.33 ",
51,V150240,IC PM,"7,583.33 ","7,583.33 ","7,583.33 ","7,583.33 ","7,583.33 ",
52,V150374,IC EVE,"7,733.33 ","7,733.33 ","7,733.33 ","7,733.33 ","7,733.33 ",
53,V150369,IC EVE,"7,883.33 ","7,883.33 ","7,883.33 ","7,883.33 ","7,883.33 ",
54,V150501,IC AM,"8,033.33 ","8,033.33 ","8,033.33 ","8,033.33 ","8,033.33 ",
55,V150308,IC EVE,"8,183.33 ","8,183.33 ","8,183.33 ","8,183.33 ","8,183.33 ",
56,V150382,IC EVE,"8,333.33 ","8,333.33 ","8,333.33 ","8,333.33 ","8,333.33 ",
57,V150222,IC AM,"8,483.33 ","8,483.33 ","8,483.33 ","8,483.33 ","8,483.33 ",
58,V150366,IC EVE,"8,633.33 ","8,633.33 ","8,633.33 ","8,633.33 ","8,633.33 ",
59,V150140,IC EVE,"8,783.33 ","8,783.33 ","8,783.33 ","8,783.33 ","8,783.33 ",
60,V150245,IC EVE,"8,933.33 ","8,933.33 ","8,933.33 ","8,933.33 ","8,933.33 ",
61,V150131,IC,"9,083.33 ","9,083.33 ","9,083.33 ","9,083.33 ","9,083.33 ",
62,V150243,BA,"9,233.33 ","9,233.33 ","9,233.33 ","9,233.33 ","9,233.33 ",
63,V150386,ITSS,"9,383.33 ","9,383.33 ","9,383.33 ","9,383.33 ","9,383.33 ",
64,V150174,PL,"9,533.33 ","9,533.33 ","9,533.33 ","9,533.33 ","9,533.33 ",
65,V150527,IC AM,"9,683.33 ","9,683.33 ","9,683.33 ","9,683.33 ","9,683.33 ",
66,V150565,MOA+HUC,"9,833.33 ","9,833.33 ","9,833.33 ","9,833.33 ","9,833.33 ",
67,V150431,LSCO,"9,983.33 ","9,983.33 ","9,983.33 ","9,983.33 ","9,983.33 ",
68,V150364,IC EVE,"10,133.33 ","10,133.33 ","10,133.33 ","10,133.33 ","10,133.33 ",
69,V150242,IC EVE,"10,283.33 ","10,283.33 ","10,283.33 ","10,283.33 ","10,283.33 ",
70,V150304,IC PM,"10,433.33 ","10,433.33 ","10,433.33 ","10,433.33 ","10,433.33 ",
71,V150296,IC AM,"10,583.33 ","10,583.33 ","10,583.33 ","10,583.33 ","10,583.33 ",
72,V150605,IC EVE,"10,733.33 ","10,733.33 ","10,733.33 ","10,733.33 ","10,733.33 ",
73,V150169,LSCO,"10,883.33 ","10,883.33 ","10,883.33 ","10,883.33 ","10,883.33 ",
74,V150190,BA,"11,033.33 ","11,033.33 ","11,033.33 ","11,033.33 ","11,033.33 ",
75,V150590,LSCO,"11,183.33 ","11,183.33 ","11,183.33 ","11,183.33 ","11,183.33 ",
76,V150529,IC EVE,"11,333.33 ","11,333.33 ","11,333.33 ","11,333.33 ","11,333.33 ",
77,V150554,IC EVE,"11,483.33 ","11,483.33 ","11,483.33 ","11,483.33 ","11,483.33 ",
78,V150397,IC EVE,"11,633.33 ","11,633.33 ","11,633.33 ","11,633.33 ","11,633.33 ",
79,V150400,IC AM,"11,783.33 ","11,783.33 ","11,783.33 ","11,783.33 ","11,783.33 ",
80,V150596,IC EVE,"11,933.33 ","11,933.33 ","11,933.33 ","11,933.33 ","11,933.33 ",
81,V150569,IC AM,"12,083.33 ","12,083.33 ","12,083.33 ","12,083.33 ","12,083.33 ",
82,V150167,APA,"12,233.33 ","12,233.33 ","12,233.33 ","12,233.33 ","12,233.33 ",
83,V150185,IC EVE,"12,383.33 ","12,383.33 ","12,383.33 ","12,383.33 ","12,383.33 ",
84,V150535,BA,"12,533.33 ","12,533.33 ","12,533.33 ","12,533.33 ","12,533.33 ",
85,V150539,BA,"12,683.33 ","12,683.33 ","12,683.33 ","12,683.33 ","12,683.33 ",
86,V150580,APA,"12,833.33 ","12,833.33 ","12,833.33 ","12,833.33 ","12,833.33 ",
87,V150114,PL,"12,983.33 ","12,983.33 ","12,983.33 ","12,983.33 ","12,983.33 ",
88,V150534,CA,"13,133.33 ","13,133.33 ","13,133.33 ","13,133.33 ","13,133.33 ",
89,V150516,HI,"13,283.33 ","13,283.33 ","13,283.33 ","13,283.33 ","13,283.33 ",
90,V150020,IC EVE,"13,433.33 ","13,433.33 ","13,433.33 ","13,433.33 ","13,433.33 ",
91,V150471,CEP,"13,583.33 ","13,583.33 ","13,583.33 ","13,583.33 ","13,583.33 ",
92,V150504,IC AM,"13,733.33 ","13,733.33 ","13,733.33 ","13,733.33 ","13,733.33 ",
93,V150113,MOA,"13,883.33 ","13,883.33 ","13,883.33 ","13,883.33 ","13,883.33 ",
94,V150329,IC AM,"14,033.33 ","14,033.33 ","14,033.33 ","14,033.33 ","14,033.33 ",
,V150560,APA,,0.40 ,0.00 ,0.00 ,0.00 ,
,V150548,CA,,0.20 ,0.00 ,0.00 ,0.00 ,
,V150458,MOA+HUC,,0.00 ,0.20 ,0.00 ,0.00 ,
,V150418,CA,,0.00 ,0.20 ,0.00 ,0.00 ,
,V150519,BA,,0.00 ,0.40 ,0.00 ,0.00 ,
,V150495,BA,,0.00 ,0.40 ,0.00 ,0.00 ,
,V150487,APA,,0.00 ,0.40 ,0.00 ,0.00 ,
,V150552,BA,,0.00 ,0.40 ,0.00 ,0.00 ,
,V150543,BA,,0.00 ,0.40 ,0.00 ,0.00 ,
,V150031,PSW,,0.00 ,35.00 ,0.00 ,0.00 ,
,V150063,PSW,,0.00 ,35.00 ,0.00 ,0.00 ,
,V150048,PSW,,0.00 ,35.00 ,0.00 ,0.00 ,
,V150550,PSW,,0.00 ,174.40 ,0.00 ,0.00 ,
,V150252,SP,,0.00 ,200.00 ,0.00 ,0.00 ,
,V150517,HI,,0.00 ,220.00 ,0.00 ,0.00 ,
,V150506,IC AM,,0.00 ,300.27 ,0.00 ,0.00 ,
,V150497,CA,,0.00 ,360.20 ,0.00 ,0.00 ,
,V150479,IC EVE,,0.00 ,421.40 ,0.00 ,0.00 ,
,V150505,IC AM,,0.00 ,421.40 ,0.00 ,0.00 ,
,V150394,IC EVE,,0.00 ,421.40 ,0.00 ,0.00 ,
,V150532,IC AM,,0.00 ,421.40 ,0.00 ,0.00 ,
,V150502,IC EVE,,0.00 ,421.40 ,0.00 ,0.00 ,
,V150511,IC EVE,,0.00 ,550.00 ,0.00 ,0.00 ,
,V150486,IC EVE,,0.00 ,550.00 ,0.00 ,0.00 ,
,V150521,IC AM,,0.00 ,550.00 ,0.00 ,0.00 ,
,V150494,WD,,0.00 ,675.00 ,0.00 ,0.00 ,
,,,,0.00 ,"1,024.00 ",0.00 ,0.00 ,
,V150193,IC,,0.00 ,"2,607.00 ",0.00 ,0.00 ,
,V150491,CA,,0.00 ,"2,852.00 ",0.00 ,0.00 ,
,V150038,LSCO,,0.00 ,"4,600.00 ",0.00 ,0.00 ,
,V149901,LSCO,,0.00 ,"4,600.00 ",0.00 ,0.00 ,
,V150309,IC AM,,0.00 ,"4,721.80 ",0.00 ,0.00 ,
,V150489,IC AM,,0.00 ,"5,060.80 ",0.00 ,0.00 ,
,V150424,IC EVE,,0.00 ,"5,060.80 ",0.00 ,0.00 ,
,V150395,IC EVE,,0.00 ,"5,060.80 ",0.00 ,0.00 ,
,V150493,BA,,0.00 ,"5,252.00 ",0.00 ,0.00 ,
,V901018,CEP,,0.00 ,"6,007.00 ",0.00 ,0.00 ,
,V150518,APA,,0.00 ,"6,842.00 ",0.00 ,0.00 ,
,V901003,NA,,0.00 ,"7,952.00 ",0.00 ,0.00 ,
,V150164,IC,,0.00 ,0.00 ,0.20 ,0.00 ,
,V150149,IC,,0.00 ,0.00 ,0.20 ,0.00 ,
,V150411,NA,,0.00 ,0.00 ,0.20 ,0.00 ,
,V150124,IC,,0.00 ,0.00 ,0.20 ,0.00 ,
,V150367,CA,,0.00 ,0.00 ,0.20 ,0.00 ,
,V150154,IC,,0.00 ,0.00 ,0.20 ,0.00 ,
,V150476,MOA+HUC,,0.00 ,0.00 ,0.20 ,0.00 ,
,V150109,IC,,0.00 ,0.00 ,0.20 ,0.00 ,
,V150331,CA,,0.00 ,0.00 ,0.20 ,0.00 ,
,V150428,BA,,0.00 ,0.00 ,0.40 ,0.00 ,
,V150413,APA,,0.00 ,0.00 ,0.40 ,0.00 ,
,V150414,BA,,0.00 ,0.00 ,0.40 ,0.00 ,
,V150410,BA,,0.00 ,0.00 ,0.40 ,0.00 ,
,V150455,IC EVE,,0.00 ,0.00 ,23.80 ,0.00 ,
,V150232,APA,,0.00 ,0.00 ,31.50 ,0.00 ,
,V150047,PSW,,0.00 ,0.00 ,55.00 ,0.00 ,
,V150477,BA,,0.00 ,0.00 ,140.00 ,0.00 ,
,V150456,APA,,0.00 ,0.00 ,159.00 ,0.00 ,
,V150438,PSW,,0.00 ,0.00 ,195.00 ,0.00 ,
,V149827,BA,,0.00 ,169.00 ,200.00 ,0.00 ,
,V150466,BA,,0.00 ,0.00 ,269.65 ,0.00 ,
,V150448,BA,,0.00 ,0.00 ,312.00 ,0.00 ,
,V150427,IC PM,,0.00 ,0.00 ,350.00 ,0.00 ,
,V150465,BA,,0.00 ,0.00 ,387.35 ,0.00 ,
,V150468,BA,,0.00 ,0.00 ,450.40 ,0.00 ,
,V150467,BA,,0.00 ,0.00 ,450.40 ,0.00 ,
,900176,PA,,0.00 ,0.00 ,500.00 ,0.00 ,
,V150041,ICEVE,,0.00 ,0.00 ,529.00 ,0.00 ,
,V150435,IC PM,,0.00 ,0.00 ,550.00 ,0.00 ,
,V150404,IC PM,,0.00 ,0.00 ,550.00 ,0.00 ,
,V150417,WD,,0.00 ,0.00 ,675.00 ,0.00 ,
,v147770,PL,,0.00 ,0.00 ,780.00 ,0.00 ,
,V150147,IC,,0.00 ,0.00 ,866.58 ,0.00 ,
,V149926,MOAHUC,,0.00 ,0.00 ,"1,057.88 ",0.00 ,
,V150095,IC,,0.00 ,0.00 ,"1,354.73 ",0.00 ,
,V150086,IC,,0.00 ,0.00 ,"1,705.17 ",0.00 ,
,V150151,CA,,0.00 ,0.00 ,"2,744.87 ",0.00 ,
,V150105,IC,,0.00 ,0.00 ,"2,758.00 ",0.00 ,
,V150451,PSW,,0.00 ,0.00 ,"3,522.00 ",0.00 ,
,V149970,HI,,0.00 ,0.00 ,"4,398.00 ",0.00 ,
,V150034,BA,,0.00 ,0.00 ,"4,708.00 ",0.00 ,
,V150440,AA,,0.00 ,0.00 ,"4,990.00 ",0.00 ,
,V150419,CA,,0.00 ,0.00 ,"5,269.20 ",0.00 ,
,V150515,APA,,0.00 ,0.00 ,"7,229.40 ",0.00 ,
,V150356,BA,,0.00 ,0.00 ,"7,802.40 ",0.00 ,
,V150406,PA,,0.00 ,0.00 ,"8,249.40 ",0.00 ,
,V150472,CEP,,0.00 ,0.00 ,"8,423.00 ",0.00 ,
,V150452,MOA+HUC,,0.00 ,0.00 ,"9,340.20 ",0.00 ,
,V150218,MOA+HUC,,0.00 ,0.00 ,0.00 ,0.20 ,
,V150183,PL,,0.00 ,0.00 ,0.00 ,0.20 ,
,V149658,NA,,0.00 ,0.00 ,0.00 ,0.20 ,
,V150353,MOA+HUC,,0.00 ,0.00 ,0.00 ,0.20 ,
,V150170,NA,,0.00 ,0.00 ,0.00 ,0.20 ,
,V149800,PL,,0.00 ,0.00 ,0.00 ,0.20 ,
,,,,0.00 ,0.00 ,0.00 ,0.20 ,
,V150290,MOA+HUC,,0.00 ,0.00 ,0.00 ,0.20 ,
,V149365,BA,,0.00 ,0.00 ,0.00 ,0.33 ,
,V149352,BA,,0.00 ,0.00 ,0.00 ,0.38 ,
,V150357,APA,,0.00 ,0.00 ,0.00 ,0.40 ,
,V150327,BA,,0.00 ,0.00 ,0.00 ,0.40 ,
,V150368BA,,,0.00 ,0.00 ,0.00 ,0.40 ,
,V150284,BA,,0.00 ,0.00 ,0.00 ,0.40 ,
,V150318,BA,,0.00 ,0.00 ,0.00 ,0.40 ,
,V150355,BA,,0.00 ,0.00 ,0.00 ,0.40 ,
,V150297,PA,,0.00 ,0.00 ,0.00 ,0.40 ,
,V150256,PA,,0.00 ,0.00 ,0.00 ,0.40 ,
,V150347,BA,,0.00 ,0.00 ,0.00 ,0.40 ,
,V150391,BA,,0.00 ,0.00 ,0.00 ,0.40 ,
,V150359,BA,,0.00 ,0.00 ,0.00 ,0.40 ,
,V150337,APA,,0.00 ,0.00 ,0.00 ,0.40 ,
,V150250,BA,,0.00 ,0.00 ,0.00 ,0.40 ,
,V150302,ba,,0.00 ,0.00 ,0.00 ,0.40 ,
,V149559,WD,,0.00 ,0.00 ,0.00 ,0.44 ,
,V150145,BA,,0.00 ,0.00 ,0.00 ,0.50 ,
,V149498,PSW - Inter's,,0.00 ,0.00 ,0.00 ,0.67 ,
,V901013,NA,,0.00 ,"7,965.00 ",0.00 ,1.00 ,
,V149540,LSCO,,0.00 ,0.00 ,0.00 ,5.50 ,
,V149868,HI,,0.00 ,0.00 ,0.00 ,10.00 ,
,V149987,LSCO,,0.00 ,0.00 ,0.00 ,10.50 ,
,V149285,HI,,0.00 ,0.00 ,0.00 ,10.50 ,
,V149186,BA,,0.00 ,0.00 ,0.00 ,10.50 ,
,v149853,IC,,0.00 ,0.00 ,0.00 ,10.50 ,
,V150211,IC AM,,0.00 ,0.00 ,0.00 ,10.50 ,
,V150128,PL,,0.00 ,0.00 ,0.00 ,10.50 ,
,V149976,BA,,0.00 ,0.00 ,0.00 ,10.50 ,
,V149875,BA,,0.00 ,0.00 ,0.00 ,10.50 ,
,V149507,PSW,,0.00 ,0.00 ,0.00 ,20.00 ,
,v149640,LC,,0.00 ,0.00 ,0.00 ,21.00 ,
,V149671,BA,,0.00 ,0.00 ,0.00 ,21.00 ,
,V149674,BA,,0.00 ,0.00 ,0.00 ,21.00 ,
,V149269,WD,,0.00 ,0.00 ,0.00 ,21.00 ,
,V150289,CA,,0.00 ,0.33 ,0.00 ,29.00 ,
,V149251,PL,,0.00 ,0.00 ,0.00 ,31.50 ,
,V150092,NA,,0.00 ,0.00 ,0.00 ,31.50 ,
,V149608,BA,,0.00 ,0.00 ,0.00 ,31.50 ,
,V149828,HI,,0.00 ,0.00 ,0.00 ,31.50 ,
,V149673,HI,,0.00 ,0.00 ,0.00 ,31.50 ,
,V149937,LC,,0.00 ,0.00 ,0.00 ,31.50 ,
,V149780,PSW,,0.00 ,0.00 ,0.00 ,35.00 ,
,V149414,AP,,0.00 ,0.00 ,0.00 ,42.00 ,
,V149680,IC,,0.00 ,0.00 ,0.00 ,50.00 ,
,V149687,PSW,,0.00 ,0.00 ,0.00 ,55.00 ,
,V149629,PSW,,0.00 ,0.00 ,0.00 ,55.00 ,
,V149746,PSW,,0.00 ,0.00 ,0.00 ,55.00 ,
,V149968,PSW,,0.00 ,0.00 ,0.00 ,55.00 ,
,V149785,PSW,,0.00 ,0.00 ,0.00 ,55.00 ,
,V149668,PSW,,0.00 ,0.00 ,0.00 ,55.00 ,
,V150122,IC AM,,0.00 ,0.00 ,0.00 ,66.79 ,
,V150215,IC,,0.00 ,0.00 ,0.00 ,66.79 ,
,V149860,HI,,0.00 ,0.00 ,0.00 ,70.00 ,
,V149283,BA,,0.00 ,0.00 ,0.00 ,73.50 ,
,V149575,MOA+HUC,,0.00 ,0.00 ,0.00 ,80.00 ,
,V149215,BA,,0.00 ,0.00 ,0.00 ,88.00 ,
,V149612,IC,,0.00 ,0.00 ,0.00 ,106.00 ,
,V149944,IC,,0.00 ,0.00 ,0.00 ,121.13 ,
,V149427,CEP,,0.00 ,0.00 ,0.00 ,125.64 ,
,V150148,PSW,,0.00 ,0.00 ,0.00 ,128.00 ,
,V149263,IC,,0.00 ,0.00 ,0.00 ,128.60 ,
,V149750,IC,,0.00 ,0.00 ,0.00 ,131.63 ,
,V150094,IC,,0.00 ,0.00 ,0.00 ,131.63 ,
,V149287,IC,,0.00 ,0.00 ,0.00 ,142.13 ,
,V149172,MOAH,,0.00 ,0.00 ,0.00 ,150.00 ,
,V150307,IC AM,,0.00 ,513.16 ,0.00 ,167.92 ,
,V150137,IC EVE,,0.00 ,0.00 ,0.00 ,180.19 ,
,V149844,IC,,0.00 ,0.00 ,0.00 ,180.19 ,
,V149027,PL,,0.00 ,0.00 ,0.00 ,184.12 ,
,V149341,BA,,0.00 ,0.00 ,0.00 ,186.80 ,
,V149551,BA,,0.00 ,0.00 ,0.00 ,195.00 ,
,V149884,HI,,0.00 ,0.00 ,0.00 ,199.00 ,
,V150055,MOAH,,0.00 ,0.00 ,0.00 ,200.00 ,
,V150228,MOA,,0.00 ,0.00 ,0.00 ,200.00 ,
,V150079,MOA+HUC,,0.00 ,0.00 ,0.00 ,200.00 ,
,V150206,MOA+HUC,,0.00 ,0.00 ,0.00 ,200.20 ,
,V150187, MOA+HUC,,0.00 ,0.00 ,0.00 ,200.20 ,
,V149348,PL,,0.00 ,0.00 ,0.00 ,205.50 ,
,V149752,MOAH,,0.00 ,0.00 ,0.00 ,210.00 ,
,v149161,LSCO,,0.00 ,0.00 ,0.00 ,214.00 ,
,V149248,CA,,0.00 ,0.00 ,0.00 ,223.00 ,
,V150285,APA,,0.00 ,0.00 ,0.00 ,234.00 ,
,V150371,IC,,0.00 ,0.00 ,0.00 ,241.21 ,
,V150143,BA,,0.00 ,308.00 ,0.00 ,250.00 ,
,V149790,BA,,0.00 ,0.00 ,0.00 ,251.00 ,
,V150155,PSW,,0.00 ,0.00 ,0.00 ,254.50 ,
,V149700,LSCO,,0.00 ,0.00 ,0.00 ,256.00 ,
,V149256,IC,,0.00 ,0.00 ,0.00 ,275.00 ,
,V150273,BA,,0.00 ,0.00 ,0.00 ,290.50 ,
,V150146,IC EVE,,0.00 ,0.00 ,0.00 ,300.27 ,
,V150119,IC,,0.00 ,0.00 ,0.00 ,300.47 ,
,V150012,IC,,0.00 ,0.00 ,0.00 ,301.00 ,
,V150299,IC EVE,,0.00 ,0.00 ,0.00 ,350.00 ,
,V149873,Projad,,0.00 ,0.00 ,0.00 ,370.00 ,
,V149275,PSW,,0.00 ,0.00 ,0.00 ,386.00 ,
,V149308,PSW,,0.00 ,0.00 ,0.00 ,386.00 ,
,V149463,BA,,0.00 ,0.00 ,0.00 ,387.00 ,
,V150300,BA,,0.00 ,0.00 ,0.00 ,390.00 ,
,v149024,IC,,0.00 ,0.00 ,0.00 ,394.40 ,
,v149062,IC,,0.00 ,0.00 ,0.00 ,407.87 ,
,v149109,AP,,0.00 ,0.00 ,0.00 ,415.00 ,
,V150068,IC,,0.00 ,0.00 ,0.00 ,421.40 ,
,V149997,IC,,0.00 ,0.00 ,0.00 ,421.40 ,
,V150116,IC,,0.00 ,0.00 ,"2,607.20 ",421.40 ,
,V149565,IC,,0.00 ,0.00 ,0.00 ,425.00 ,
,V149502,IC,,0.00 ,0.00 ,0.00 ,428.87 ,
,V149804,MOA,,0.00 ,0.00 ,0.00 ,437.00 ,
,V149950,BA,,0.00 ,0.00 ,0.00 ,450.00 ,
,V150336,BA,,0.00 ,0.00 ,0.00 ,450.40 ,
,V150320a,BA,,0.00 ,0.00 ,0.00 ,450.40 ,
,V149856,AP,,0.00 ,0.00 ,0.00 ,500.00 ,
,V149898,NA,,0.00 ,0.00 ,0.00 ,500.00 ,
,V149857,CEP,,0.00 ,0.00 ,0.00 ,510.50 ,
,V150049,IC,,0.00 ,0.00 ,0.00 ,510.50 ,
,V149727,BA,,0.00 ,0.00 ,0.00 ,510.50 ,
,v149118,IC,,0.00 ,0.00 ,0.00 ,520.00 ,
,V149681,IC,,0.00 ,0.00 ,0.00 ,529.00 ,
,V149545,IC,,0.00 ,0.00 ,0.00 ,550.00 ,
,V150102,IC EVE,,0.00 ,0.00 ,0.00 ,550.00 ,
,V149484,IC,,0.00 ,0.00 ,0.00 ,550.00 ,
,V149893,IC,,0.00 ,0.00 ,0.00 ,550.00 ,
,V150267,IC AM,,0.00 ,0.00 ,0.00 ,550.00 ,
,V150009,IC,,0.00 ,0.00 ,0.00 ,550.00 ,
,V149761,IC,,0.00 ,0.00 ,0.00 ,550.00 ,
,V149943,IC,,0.00 ,0.00 ,0.00 ,550.00 ,
,V149924,IC,,0.00 ,0.00 ,0.00 ,550.00 ,
,V149513,IC,,0.00 ,0.00 ,0.00 ,550.00 ,
,V149952,IC,,0.00 ,0.00 ,0.00 ,550.00 ,
,V150330,IC EVE,,0.00 ,0.00 ,0.00 ,550.00 ,
,V149945,IC,,0.00 ,0.00 ,0.00 ,550.00 ,
,V149768,IC,,0.00 ,0.00 ,0.00 ,550.00 ,
,V149158,IC,,0.00 ,0.00 ,0.00 ,550.00 ,
,V150276,IC EVE,,0.00 ,0.00 ,0.00 ,550.00 ,
,V149905,PL,,0.00 ,0.00 ,0.00 ,552.59 ,
,V149927,CST,,0.00 ,0.00 ,0.00 ,560.00 ,
,v147707,PL,,0.00 ,0.00 ,0.00 ,562.71 ,
,V149870,PL,,0.00 ,0.00 ,0.00 ,563.09 ,
,V149859,IC,,0.00 ,0.00 ,0.00 ,585.72 ,
,,,,0.00 ,0.00 ,0.00 ,598.30 ,
,V149809,NA,,0.00 ,0.00 ,0.00 ,628.25 ,
,v149163,WEB,,0.00 ,0.00 ,0.00 ,675.00 ,
,V149693,IC,,0.00 ,0.00 ,0.00 ,751.53 ,
,V149398,BA,,0.00 ,0.00 ,0.00 ,756.35 ,
,V149678,MOA /HUC,,0.00 ,0.00 ,0.00 ,763.19 ,
,V149722,HI,,0.00 ,0.00 ,0.00 ,765.36 ,
,v149346,CEP,,0.00 ,0.00 ,0.00 ,768.70 ,
,V149760,BOS,,0.00 ,0.00 ,0.00 ,778.44 ,
,V149689,IC,,0.00 ,0.00 ,0.00 ,783.86 ,
,V149370,PL,,0.00 ,0.00 ,0.00 ,786.22 ,
,V150316,LSC,,0.00 ,0.00 ,0.00 ,788.00 ,
,V149841,LSCO,,0.00 ,0.00 ,0.00 ,788.00 ,
,v149596,PSW,,0.00 ,0.00 ,0.00 ,788.83 ,
,V150322,PL,,0.00 ,0.00 ,0.00 ,790.24 ,
,V149770,BA,,0.00 ,0.00 ,0.00 ,808.48 ,
,V149534,BA,,0.00 ,0.00 ,0.00 ,808.48 ,
,V149501,IC\wdr,,0.00 ,0.00 ,0.00 ,864.52 ,
,V150348,CST,,0.00 ,0.00 ,0.00 ,870.40 ,
,V149978,IC,,0.00 ,0.00 ,0.00 ,875.00 ,
,V149721,PSW,,0.00 ,0.00 ,0.00 ,908.18 ,
,v149153,BA-WD,,0.00 ,0.00 ,0.00 ,961.76 ,
,,,,0.00 ,0.00 ,0.00 ,969.00 ,
,V901015,CEP,,0.00 ,0.00 ,0.00 ,985.63 ,
,V149653,IC,,0.00 ,0.00 ,0.00 ,"1,000.00 ",
,v149115,IC,,0.00 ,0.00 ,0.00 ,"1,088.00 ",
,V149767,LSCO,,0.00 ,0.00 ,0.00 ,"1,090.57 ",
,V149499,PL,,0.00 ,0.00 ,0.00 ,"1,108.27 ",
,V149731,MOAH,,0.00 ,0.00 ,0.00 ,"1,120.00 ",
,V149990,MOAH,,0.00 ,0.00 ,0.00 ,"1,170.89 ",
,V149476,LAW,,0.00 ,0.00 ,0.00 ,"1,231.08 ",
,V150268,MOA+HUC,,0.00 ,0.00 ,0.00 ,"1,240.20 ",
,V149848,PL,,0.00 ,0.00 ,0.00 ,"1,312.61 ",
,,,,0.00 ,0.00 ,0.00 ,"1,350.50 ",
,V149543,BA,,0.00 ,0.00 ,0.00 ,"1,414.93 ",
,V149440,BA,,0.00 ,0.00 ,0.00 ,"1,524.15 ",
,V149381,BA,,0.00 ,0.00 ,0.00 ,"1,546.30 ",
,v149070,IC,,0.00 ,0.00 ,0.00 ,"1,566.00 ",
,,,,0.00 ,0.00 ,0.00 ,"1,575.00 ",
,V149879,PL,,0.00 ,0.00 ,0.00 ,"1,649.11 ",
,V150136,NA,,0.00 ,0.00 ,0.00 ,"1,700.46 ",
,V149698,PL,,0.00 ,0.00 ,0.00 ,"1,838.00 ",
,V149810,PL,,0.00 ,0.00 ,0.00 ,"1,838.00 ",
,V149741,PL,,0.00 ,0.00 ,0.00 ,"1,838.00 ",
,V150058,PL,,0.00 ,0.00 ,0.00 ,"1,838.00 ",
,V150333a,PL,,0.00 ,0.00 ,0.00 ,"1,838.20 ",
,V149895,PL,,0.00 ,0.00 ,0.00 ,"1,838.20 ",
,V150373,PL,,0.00 ,0.00 ,0.00 ,"1,838.20 ",
,V150338,PL,,0.00 ,0.00 ,0.00 ,"1,838.20 ",
,V150184,PL,,0.00 ,0.00 ,0.00 ,"1,838.20 ",
,V150283,PL,,0.00 ,0.00 ,0.00 ,"1,838.20 ",
,V150281,PL,,0.00 ,0.00 ,0.00 ,"1,838.20 ",
,V149899,PL,,0.00 ,0.00 ,0.00 ,"1,838.20 ",
,V149847,PL,,0.00 ,0.00 ,0.00 ,"1,838.20 ",
,V150328,PL,,0.00 ,0.00 ,0.00 ,"1,838.20 ",
,V150292,PL,,0.00 ,0.00 ,0.00 ,"1,838.20 ",
,V150282,PL,,0.00 ,0.00 ,0.00 ,"1,838.20 ",
,V150150,PL,,0.00 ,0.00 ,0.00 ,"1,838.20 ",
,V150204,PL,,0.00 ,0.00 ,0.00 ,"1,838.20 ",
,V149684,PL,,0.00 ,0.00 ,0.00 ,"1,838.20 ",
,V149835,PL,,0.00 ,0.00 ,0.00 ,"1,838.20 ",
,V149425,IC,,0.00 ,0.00 ,0.00 ,"1,847.30 ",
,V149568,BA,,0.00 ,0.00 ,0.00 ,"1,917.30 ",
,V149464,PSW,,0.00 ,0.00 ,0.00 ,"1,926.51 ",
,,,,0.00 ,0.00 ,0.00 ,"1,928.45 ",
,,,,0.00 ,0.00 ,0.00 ,"2,000.00 ",
,V149864,PL,,0.00 ,0.00 ,0.00 ,"2,042.51 ",
,V149604,IC,,0.00 ,0.00 ,0.00 ,"2,049.41 ",
,V149408,BOS,,0.00 ,0.00 ,0.00 ,"2,226.21 ",
,v149602,IC,,0.00 ,0.00 ,0.00 ,"2,308.37 ",
,V149753,IC,,0.00 ,0.00 ,0.00 ,"2,318.87 ",
,,,,0.00 ,0.00 ,0.00 ,"2,400.00 ",
,V150078,PSW,,0.00 ,0.00 ,0.00 ,"2,430.00 ",
,V149607,PL,,0.00 ,0.00 ,0.00 ,"2,464.00 ",
,,,,0.00 ,0.00 ,0.00 ,"2,500.00 ",
,V150344,IC PM,,0.00 ,0.00 ,0.00 ,"2,607.00 ",
,V149342,LSCO,,0.00 ,0.00 ,0.00 ,"2,710.11 ",
,V149335,BA intl,,0.00 ,0.00 ,0.00 ,"2,767.75 ",
,V149999,LSCO,,0.00 ,0.00 ,0.00 ,"2,809.76 ",
,V149961,MR,,0.00 ,0.00 ,0.00 ,"2,859.00 ",
,V149491,BA,,0.00 ,0.00 ,0.00 ,"2,957.30 ",
,V149784,PL,,0.00 ,0.00 ,0.00 ,"3,008.00 ",
,V149494,MOA,,0.00 ,0.00 ,0.00 ,"3,123.50 ",
,V149896,PL,,0.00 ,0.00 ,0.00 ,"3,250.00 ",
,V150280,CA,,0.00 ,0.00 ,0.00 ,"3,273.00 ",
,,,,0.00 ,0.00 ,0.00 ,"3,800.00 ",
,V149567,BA,,0.00 ,0.00 ,0.00 ,"3,910.21 ",
,V149711,PL,,0.00 ,0.00 ,0.00 ,"3,994.58 ",
,V149349,BA,,0.00 ,0.00 ,0.00 ,"4,131.00 ",
,v149638,APA,,0.00 ,0.00 ,0.00 ,"4,189.00 ",
,V149922,APA,,0.00 ,0.00 ,0.00 ,"4,284.00 ",
,V149765,PL,,0.00 ,0.00 ,0.00 ,"4,327.53 ",
,V149471,PL,,0.00 ,0.00 ,0.00 ,"4,597.90 ",
,V150003,BA,,0.00 ,0.00 ,0.00 ,"4,708.00 ",
,,,,0.00 ,0.00 ,0.00 ,"4,730.00 ",
,V149510,AP,,0.00 ,0.00 ,0.00 ,"4,883.00 ",
,V149429,PL,,0.00 ,0.00 ,0.00 ,"4,974.00 ",
,V150398,IC PM,,0.00 ,0.00 ,0.00 ,"5,060.80 ",
,V150236,PSW,,0.00 ,0.00 ,0.00 ,"5,112.00 ",
,V149939,BA,,0.00 ,0.00 ,0.00 ,"5,158.00 ",
,v149201,BA,,0.00 ,0.00 ,0.00 ,"5,348.65 ",
,V149396,BA,,0.00 ,0.00 ,0.00 ,"5,368.38 ",
,v150018,BA,,0.00 ,0.00 ,0.00 ,"5,419.00 ",
,V149366,PROJAD,,0.00 ,0.00 ,0.00 ,"5,804.70 ",
,V149311,CEP,,0.00 ,0.00 ,0.00 ,"6,057.32 ",
,V150269,MOA+HUC,,0.00 ,0.00 ,0.00 ,"6,627.00 ",
,V149179,BA,,0.00 ,0.00 ,0.00 ,"7,126.90 ",
,v149199,BA,,0.00 ,0.00 ,0.00 ,"7,316.40 ",
,V150291,PL,,0.00 ,0.00 ,0.00 ,"7,427.00 ",
,V150139,BA,,0.00 ,"4,801.60 ",0.00 ,"7,802.40 ",
,V150241,MC,,0.00 ,0.00 ,0.00 ,"8,029.80 ",
,V150224,CEP,,0.00 ,0.00 ,0.00 ,"8,423.00 ",
,V150342,CEP,,0.00 ,0.00 ,0.00 ,"8,423.00 ",
,V150385,PL,,0.00 ,0.00 ,0.00 ,"10,471.20 ",
,V149402,PA,,0.00 ,0.00 ,0.00 ,"10,913.79 ",
,V149497,MOAH,,0.00 ,0.00 ,0.00 ,"11,024.00 ",
,,,,0.00 ,0.00 ,0.00 ,"12,730.00 ",
,,,"663,483.33 ","663,483.33 ","663,483.33 ","663,483.33 ","663,483.33 ",
,,,,,,,,
,,,,,,,,
,,,,,,,,
,,,,,,,,
,,,,,,,,
,,,,,,,,
,,,,,,,,
,,,,,,,,
,,,,,,,,
,,,,,,,,
,,,,,,,,
,,,,,,,,
,,,,,,,,
,,,,,,,,
,,,,,,,,
,,,,,,,,
,,,,,,,,
,,,,,,,,
,,,,,,,,
,,,,,,,,
,,,,,,,,
,,,,,,,,
,,,,,,,,
,,,,,,,,
,,,,,,,,
,,,,,,,,
,,,,,,,,
,,,,,,,,
,,,,,,,,
,,,,,,,,
,,,,,,,,
,,,,,,,,
,,,,,,,,
,,,,,,,,
,,,,,,,,
,,,,,,,,
,,,,,,,,
,,,,,,,,
,,,,,,,,
,,,,,,,,
,,,,,,,,
,,,,,,,,
,,,,,,,,
,,,,,,,,
,,,,,,,,
,,,,,,,,
,,,,,,,,
,,,,,,,,
,,,,,,,,
,,,,,,,,
,,,,,,,,
,,,,,,,,
,,,,,,,,
,,,,,,,,
,,,,,,,,
,,,,,,,,
,,,,,,,,
,,,,,,,,
,,,,,,,,
,,,,,,,,
,,,,,,,,
,,,,,,,,
,,,,,,,,
,,,,,,,,
,,,,,,,,
,,,,,,,,
,,,,,,,,
,,,,,,,,
,,,,,,,,
,,,,,,,,
,,,,,,,,
,,,,,,,,
,,,,,,,,
,,,,,,,,
,,,,,,,,
,,,,,,,,
,,,,,,,,
,,,,,,,,
,,,,,,,,
,,,,,,,,
,,,,,,,,
,,,,,,,,
,,,,,,,,
,,,,,,,,
,,,,,,,,
,,,,,,,,
,,,,,,,,
,,,,,,,,
,,,,,,,,
,,,,,,,,
,,,,,,,,
,,,,,,,,
,,,,,,,,
,,,,,,,,
,,,,,,,,
,,,,,,,,
,,,,,,,,
,,,,,,,,
,,,,,,,,
,,,,,,,,
,,,,,,,,
,,,,,,,,
,,,,,,,,
,,,,,,,,
,,,,,,,,
,,,,,,,,
,,,,,,,,
,,,,,,,,
,,,,,,,,
,,,,,,,,
,,,,,,,,
,,,,,,,,
,,,,,,,,
,,,,,,,,
,,,,,,,,
,,,,,,,,
,,,,,,,,
,,,,,,,,
,,,,,,,,
,,,,,,,,
,,,,,,,,
,,,,,,,,
,,,,,,,,
,,,,,,,,
,,,,,,,,
,,,,,,,,
,,,,,,,,
,,,,,,,,
,,,,,,,,
,,,,,,,,
,,,,,,,,
,,,,,,,,
,,,,,,,,
,,,,,,,,
,,,,,,,,
,,,,,,,,
,,,,,,,,
,,,,,,,,
,,,,,,,,
,,,,,,,,
,,,,,,,,
,,,,,,,,
,,,,,,,,
,,,,,,,,
,,,,,,,,
,,,,,,,,
,,,,,,,,
,,,,,,,,
,,,,,,,,
,,,,,,,,
,,,,,,,,
,,,,,,,,
,,,,,,,,
,,,,,,,,
,,,,,,,,
,,,,,,,,
,,,,,,,,
,,,,,,,,
,,,,,,,,
,,,,,,,,
,,,,,,,,
,,,,,,,,
,,,,,,,,
,,,,,,,,
,,,,,,,,
,,,,,,,,
,,,,,,,,
,,,,,,,,
,,,,,,,,
,,,,,,,,
,,,,,,,,
,,,,,,,,
,,,,,,,,
,,,,,,,,
,,,,,,,,
,,,,,,,,
,,,,,,,,
,,,,,,,,
,,,,,,,,
,,,,,,,,
,,,,,,,,
,,,,,,,,
,,,,,,,,
,,,,,,,,
,,,,,,,,
,,,,,,,,
,,,,,,,,
,,,,,,,,
,,,,,,,,
,,,,,,,,
,,,,,,,,
,,,,,,,,
,,,,,,,,
,,,,,,,,
,,,,,,,,
,,,,,,,,
,,,,,,,,
,,,,,,,,
,,,,,,,,
,,,,,,,,
,,,,,,,,
,,,,,,,,
,,,,,,,,
,,,,,,,,
,,,,,,,,
,,,,,,,,
,,,,,,,,
,,,,,,,,
,,,,,,,,
,,,,,,,,
,,,,,,,,
,,,,,,,,
,,,,,,,,
,,,,,,,,
,,,,,,,,
,,,,,,,,
,,,,,,,,
,,,,,,,,
,,,,,,,,
,,,,,,,,
,,,,,,,,
,,,,,,,,
,,,,,,,,
,,,,,,,,
,,,,,,,,
,,,,,,,,
,,,,,,,,
,,,,,,,,
,,,,,,,,
,,,,,,,,
,,,,,,,,
,,,,,,,,
,,,,,,,,
,,,,,,,,
,,,,,,,,
,,,,,,,,
,,,,,,,,
,,,,,,,,
,,,,,,,,
,,,,,,,,
,,,,,,,,
,,,,,,,,
,,,,,,,,
,,,,,,,,
,,,,,,,,
,,,,,,,,
,,,,,,,,
,,,,,,,,
,,,,,,,,
,,,,,,,,
,,,,,,,,
,,,,,,,,
,,,,,,,,
,,,,,,,,
,,,,,,,,
,,,,,,,,
,,,,,,,,
,,,,,,,,
,,,,,,,,
,,,,,,,,
,,,,,,,,
,,,,,,,,
,,,,,,,,
,,,,,,,,
,,,,,,,,
,,,,,,,,
,,,,,,,,
,,,,,,,,
,,,,,,,,
,,,,,,,,
,,,,,,,,
,,,,,,,,
,,,,,,,,
,,,,,,,,
